text,label,color
urban cyan,urban,cyan
urban yellow,urban,yellow
urban magenta,urban,magenta
urban green,urban,green
urban blue,urban,blue
urban white,urban,white
urban,urban,None
urbans cyan,urban,cyan
urbans yellow,urban,yellow
urbans magenta,urban,magenta
urbans green,urban,green
urbans blue,urban,blue
urbans white,urban,white
urbans,urban,None
urban areas cyan,urban,cyan
urban areas yellow,urban,yellow
urban areas magenta,urban,magenta
urban areas green,urban,green
urban areas blue,urban,blue
urban areas white,urban,white
urban areas,urban,None
cities cyan,urban,cyan
cities yellow,urban,yellow
cities magenta,urban,magenta
cities green,urban,green
cities blue,urban,blue
cities white,urban,white
cities,urban,None
city areas cyan,urban,cyan
city areas yellow,urban,yellow
city areas magenta,urban,magenta
city areas green,urban,green
city areas blue,urban,blue
city areas white,urban,white
city areas,urban,None
urban regions cyan,urban,cyan
urban regions yellow,urban,yellow
urban regions magenta,urban,magenta
urban regions green,urban,green
urban regions blue,urban,blue
urban regions white,urban,white
urban regions,urban,None
agriculture cyan,agriculture,cyan
agriculture yellow,agriculture,yellow
agriculture magenta,agriculture,magenta
agriculture green,agriculture,green
agriculture blue,agriculture,blue
agriculture white,agriculture,white
agriculture,agriculture,None
agricultures cyan,agriculture,cyan
agricultures yellow,agriculture,yellow
agricultures magenta,agriculture,magenta
agricultures green,agriculture,green
agricultures blue,agriculture,blue
agricultures white,agriculture,white
agricultures,agriculture,None
farm cyan,agriculture,cyan
farm yellow,agriculture,yellow
farm magenta,agriculture,magenta
farm green,agriculture,green
farm blue,agriculture,blue
farm white,agriculture,white
farm,agriculture,None
agricultural areas cyan,agriculture,cyan
agricultural areas yellow,agriculture,yellow
agricultural areas magenta,agriculture,magenta
agricultural areas green,agriculture,green
agricultural areas blue,agriculture,blue
agricultural areas white,agriculture,white
agricultural areas,agriculture,None
farmland cyan,agriculture,cyan
farmland yellow,agriculture,yellow
farmland magenta,agriculture,magenta
farmland green,agriculture,green
farmland blue,agriculture,blue
farmland white,agriculture,white
farmland,agriculture,None
farming areas cyan,agriculture,cyan
farming areas yellow,agriculture,yellow
farming areas magenta,agriculture,magenta
farming areas green,agriculture,green
farming areas blue,agriculture,blue
farming areas white,agriculture,white
farming areas,agriculture,None
crops cyan,agriculture,cyan
crops yellow,agriculture,yellow
crops magenta,agriculture,magenta
crops green,agriculture,green
crops blue,agriculture,blue
crops white,agriculture,white
crops,agriculture,None
rangeland cyan,rangeland,cyan
rangeland yellow,rangeland,yellow
rangeland magenta,rangeland,magenta
rangeland green,rangeland,green
rangeland blue,rangeland,blue
rangeland white,rangeland,white
rangeland,rangeland,None
grassland cyan,rangeland,cyan
grassland yellow,rangeland,yellow
grassland magenta,rangeland,magenta
grassland green,rangeland,green
grassland blue,rangeland,blue
grassland white,rangeland,white
grassland,rangeland,None
pastures cyan,rangeland,cyan
pastures yellow,rangeland,yellow
pastures magenta,rangeland,magenta
pastures green,rangeland,green
pastures blue,rangeland,blue
pastures white,rangeland,white
pastures,rangeland,None
grazing areas cyan,rangeland,cyan
grazing areas yellow,rangeland,yellow
grazing areas magenta,rangeland,magenta
grazing areas green,rangeland,green
grazing areas blue,rangeland,blue
grazing areas white,rangeland,white
grazing areas,rangeland,None
meadows cyan,rangeland,cyan
meadows yellow,rangeland,yellow
meadows magenta,rangeland,magenta
meadows green,rangeland,green
meadows blue,rangeland,blue
meadows white,rangeland,white
meadows,rangeland,None
forest cyan,forest,cyan
forest yellow,forest,yellow
forest magenta,forest,magenta
forest green,forest,green
forest blue,forest,blue
forest white,forest,white
forest,forest,None
forests cyan,forest,cyan
forests yellow,forest,yellow
forests magenta,forest,magenta
forests green,forest,green
forests blue,forest,blue
forests white,forest,white
forests,forest,None
forested areas cyan,forest,cyan
forested areas yellow,forest,yellow
forested areas magenta,forest,magenta
forested areas green,forest,green
forested areas blue,forest,blue
forested areas white,forest,white
forested areas,forest,None
woodland cyan,forest,cyan
woodland yellow,forest,yellow
woodland magenta,forest,magenta
woodland green,forest,green
woodland blue,forest,blue
woodland white,forest,white
woodland,forest,None
forest regions cyan,forest,cyan
forest regions yellow,forest,yellow
forest regions magenta,forest,magenta
forest regions green,forest,green
forest regions blue,forest,blue
forest regions white,forest,white
forest regions,forest,None
water cyan,water,cyan
water yellow,water,yellow
water magenta,water,magenta
water green,water,green
water blue,water,blue
water white,water,white
water,water,None
water bodies cyan,water,cyan
water bodies yellow,water,yellow
water bodies magenta,water,magenta
water bodies green,water,green
water bodies blue,water,blue
water bodies white,water,white
water bodies,water,None
lakes cyan,water,cyan
lakes yellow,water,yellow
lakes magenta,water,magenta
lakes green,water,green
lakes blue,water,blue
lakes white,water,white
lakes,water,None
rivers cyan,water,cyan
rivers yellow,water,yellow
rivers magenta,water,magenta
rivers green,water,green
rivers blue,water,blue
rivers white,water,white
rivers,water,None
water areas cyan,water,cyan
water areas yellow,water,yellow
water areas magenta,water,magenta
water areas green,water,green
water areas blue,water,blue
water areas white,water,white
water areas,water,None
barren cyan,barren,cyan
barren yellow,barren,yellow
barren magenta,barren,magenta
barren green,barren,green
barren blue,barren,blue
barren white,barren,white
barren,barren,None
desert cyan,barren,cyan
desert yellow,barren,yellow
desert magenta,barren,magenta
desert green,barren,green
desert blue,barren,blue
desert white,barren,white
desert,barren,None
arid land cyan,barren,cyan
arid land yellow,barren,yellow
arid land magenta,barren,magenta
arid land green,barren,green
arid land blue,barren,blue
arid land white,barren,white
arid land,barren,None
barren areas cyan,barren,cyan
barren areas yellow,barren,yellow
barren areas magenta,barren,magenta
barren areas green,barren,green
barren areas blue,barren,blue
barren areas white,barren,white
barren areas,barren,None
wasteland cyan,barren,cyan
wasteland yellow,barren,yellow
wasteland magenta,barren,magenta
wasteland green,barren,green
wasteland blue,barren,blue
wasteland white,barren,white
wasteland,barren,None
Is the urban cyan,urban,cyan
Is the urban yellow,urban,yellow
Is the urban magenta,urban,magenta
Is the urban green,urban,green
Is the urban blue,urban,blue
Is the urban white,urban,white
Is the urban,urban,None
Is the urbans cyan,urban,cyan
Is the urbans yellow,urban,yellow
Is the urbans magenta,urban,magenta
Is the urbans green,urban,green
Is the urbans blue,urban,blue
Is the urbans white,urban,white
Is the urbans,urban,None
Is the urban areas cyan,urban,cyan
Is the urban areas yellow,urban,yellow
Is the urban areas magenta,urban,magenta
Is the urban areas green,urban,green
Is the urban areas blue,urban,blue
Is the urban areas white,urban,white
Is the urban areas,urban,None
Is the cities cyan,urban,cyan
Is the cities yellow,urban,yellow
Is the cities magenta,urban,magenta
Is the cities green,urban,green
Is the cities blue,urban,blue
Is the cities white,urban,white
Is the cities,urban,None
Is the city areas cyan,urban,cyan
Is the city areas yellow,urban,yellow
Is the city areas magenta,urban,magenta
Is the city areas green,urban,green
Is the city areas blue,urban,blue
Is the city areas white,urban,white
Is the city areas,urban,None
Is the urban regions cyan,urban,cyan
Is the urban regions yellow,urban,yellow
Is the urban regions magenta,urban,magenta
Is the urban regions green,urban,green
Is the urban regions blue,urban,blue
Is the urban regions white,urban,white
Is the urban regions,urban,None
Is the agriculture cyan,agriculture,cyan
Is the agriculture yellow,agriculture,yellow
Is the agriculture magenta,agriculture,magenta
Is the agriculture green,agriculture,green
Is the agriculture blue,agriculture,blue
Is the agriculture white,agriculture,white
Is the agriculture,agriculture,None
Is the agricultures cyan,agriculture,cyan
Is the agricultures yellow,agriculture,yellow
Is the agricultures magenta,agriculture,magenta
Is the agricultures green,agriculture,green
Is the agricultures blue,agriculture,blue
Is the agricultures white,agriculture,white
Is the agricultures,agriculture,None
Is the farm cyan,agriculture,cyan
Is the farm yellow,agriculture,yellow
Is the farm magenta,agriculture,magenta
Is the farm green,agriculture,green
Is the farm blue,agriculture,blue
Is the farm white,agriculture,white
Is the farm,agriculture,None
Is the agricultural areas cyan,agriculture,cyan
Is the agricultural areas yellow,agriculture,yellow
Is the agricultural areas magenta,agriculture,magenta
Is the agricultural areas green,agriculture,green
Is the agricultural areas blue,agriculture,blue
Is the agricultural areas white,agriculture,white
Is the agricultural areas,agriculture,None
Is the farmland cyan,agriculture,cyan
Is the farmland yellow,agriculture,yellow
Is the farmland magenta,agriculture,magenta
Is the farmland green,agriculture,green
Is the farmland blue,agriculture,blue
Is the farmland white,agriculture,white
Is the farmland,agriculture,None
Is the farming areas cyan,agriculture,cyan
Is the farming areas yellow,agriculture,yellow
Is the farming areas magenta,agriculture,magenta
Is the farming areas green,agriculture,green
Is the farming areas blue,agriculture,blue
Is the farming areas white,agriculture,white
Is the farming areas,agriculture,None
Is the crops cyan,agriculture,cyan
Is the crops yellow,agriculture,yellow
Is the crops magenta,agriculture,magenta
Is the crops green,agriculture,green
Is the crops blue,agriculture,blue
Is the crops white,agriculture,white
Is the crops,agriculture,None
Is the rangeland cyan,rangeland,cyan
Is the rangeland yellow,rangeland,yellow
Is the rangeland magenta,rangeland,magenta
Is the rangeland green,rangeland,green
Is the rangeland blue,rangeland,blue
Is the rangeland white,rangeland,white
Is the rangeland,rangeland,None
Is the grassland cyan,rangeland,cyan
Is the grassland yellow,rangeland,yellow
Is the grassland magenta,rangeland,magenta
Is the grassland green,rangeland,green
Is the grassland blue,rangeland,blue
Is the grassland white,rangeland,white
Is the grassland,rangeland,None
Is the pastures cyan,rangeland,cyan
Is the pastures yellow,rangeland,yellow
Is the pastures magenta,rangeland,magenta
Is the pastures green,rangeland,green
Is the pastures blue,rangeland,blue
Is the pastures white,rangeland,white
Is the pastures,rangeland,None
Is the grazing areas cyan,rangeland,cyan
Is the grazing areas yellow,rangeland,yellow
Is the grazing areas magenta,rangeland,magenta
Is the grazing areas green,rangeland,green
Is the grazing areas blue,rangeland,blue
Is the grazing areas white,rangeland,white
Is the grazing areas,rangeland,None
Is the meadows cyan,rangeland,cyan
Is the meadows yellow,rangeland,yellow
Is the meadows magenta,rangeland,magenta
Is the meadows green,rangeland,green
Is the meadows blue,rangeland,blue
Is the meadows white,rangeland,white
Is the meadows,rangeland,None
Is the forest cyan,forest,cyan
Is the forest yellow,forest,yellow
Is the forest magenta,forest,magenta
Is the forest green,forest,green
Is the forest blue,forest,blue
Is the forest white,forest,white
Is the forest,forest,None
Is the forests cyan,forest,cyan
Is the forests yellow,forest,yellow
Is the forests magenta,forest,magenta
Is the forests green,forest,green
Is the forests blue,forest,blue
Is the forests white,forest,white
Is the forests,forest,None
Is the forested areas cyan,forest,cyan
Is the forested areas yellow,forest,yellow
Is the forested areas magenta,forest,magenta
Is the forested areas green,forest,green
Is the forested areas blue,forest,blue
Is the forested areas white,forest,white
Is the forested areas,forest,None
Is the woodland cyan,forest,cyan
Is the woodland yellow,forest,yellow
Is the woodland magenta,forest,magenta
Is the woodland green,forest,green
Is the woodland blue,forest,blue
Is the woodland white,forest,white
Is the woodland,forest,None
Is the forest regions cyan,forest,cyan
Is the forest regions yellow,forest,yellow
Is the forest regions magenta,forest,magenta
Is the forest regions green,forest,green
Is the forest regions blue,forest,blue
Is the forest regions white,forest,white
Is the forest regions,forest,None
Is the water cyan,water,cyan
Is the water yellow,water,yellow
Is the water magenta,water,magenta
Is the water green,water,green
Is the water blue,water,blue
Is the water white,water,white
Is the water,water,None
Is the water bodies cyan,water,cyan
Is the water bodies yellow,water,yellow
Is the water bodies magenta,water,magenta
Is the water bodies green,water,green
Is the water bodies blue,water,blue
Is the water bodies white,water,white
Is the water bodies,water,None
Is the lakes cyan,water,cyan
Is the lakes yellow,water,yellow
Is the lakes magenta,water,magenta
Is the lakes green,water,green
Is the lakes blue,water,blue
Is the lakes white,water,white
Is the lakes,water,None
Is the rivers cyan,water,cyan
Is the rivers yellow,water,yellow
Is the rivers magenta,water,magenta
Is the rivers green,water,green
Is the rivers blue,water,blue
Is the rivers white,water,white
Is the rivers,water,None
Is the water areas cyan,water,cyan
Is the water areas yellow,water,yellow
Is the water areas magenta,water,magenta
Is the water areas green,water,green
Is the water areas blue,water,blue
Is the water areas white,water,white
Is the water areas,water,None
Is the barren cyan,barren,cyan
Is the barren yellow,barren,yellow
Is the barren magenta,barren,magenta
Is the barren green,barren,green
Is the barren blue,barren,blue
Is the barren white,barren,white
Is the barren,barren,None
Is the desert cyan,barren,cyan
Is the desert yellow,barren,yellow
Is the desert magenta,barren,magenta
Is the desert green,barren,green
Is the desert blue,barren,blue
Is the desert white,barren,white
Is the desert,barren,None
Is the arid land cyan,barren,cyan
Is the arid land yellow,barren,yellow
Is the arid land magenta,barren,magenta
Is the arid land green,barren,green
Is the arid land blue,barren,blue
Is the arid land white,barren,white
Is the arid land,barren,None
Is the barren areas cyan,barren,cyan
Is the barren areas yellow,barren,yellow
Is the barren areas magenta,barren,magenta
Is the barren areas green,barren,green
Is the barren areas blue,barren,blue
Is the barren areas white,barren,white
Is the barren areas,barren,None
Is the wasteland cyan,barren,cyan
Is the wasteland yellow,barren,yellow
Is the wasteland magenta,barren,magenta
Is the wasteland green,barren,green
Is the wasteland blue,barren,blue
Is the wasteland white,barren,white
Is the wasteland,barren,None
Can you show me the urban cyan,urban,cyan
Can you show me the urban yellow,urban,yellow
Can you show me the urban magenta,urban,magenta
Can you show me the urban green,urban,green
Can you show me the urban blue,urban,blue
Can you show me the urban white,urban,white
Can you show me the urban,urban,None
Can you show me the urbans cyan,urban,cyan
Can you show me the urbans yellow,urban,yellow
Can you show me the urbans magenta,urban,magenta
Can you show me the urbans green,urban,green
Can you show me the urbans blue,urban,blue
Can you show me the urbans white,urban,white
Can you show me the urbans,urban,None
Can you show me the urban areas cyan,urban,cyan
Can you show me the urban areas yellow,urban,yellow
Can you show me the urban areas magenta,urban,magenta
Can you show me the urban areas green,urban,green
Can you show me the urban areas blue,urban,blue
Can you show me the urban areas white,urban,white
Can you show me the urban areas,urban,None
Can you show me the cities cyan,urban,cyan
Can you show me the cities yellow,urban,yellow
Can you show me the cities magenta,urban,magenta
Can you show me the cities green,urban,green
Can you show me the cities blue,urban,blue
Can you show me the cities white,urban,white
Can you show me the cities,urban,None
Can you show me the city areas cyan,urban,cyan
Can you show me the city areas yellow,urban,yellow
Can you show me the city areas magenta,urban,magenta
Can you show me the city areas green,urban,green
Can you show me the city areas blue,urban,blue
Can you show me the city areas white,urban,white
Can you show me the city areas,urban,None
Can you show me the urban regions cyan,urban,cyan
Can you show me the urban regions yellow,urban,yellow
Can you show me the urban regions magenta,urban,magenta
Can you show me the urban regions green,urban,green
Can you show me the urban regions blue,urban,blue
Can you show me the urban regions white,urban,white
Can you show me the urban regions,urban,None
Can you show me the agriculture cyan,agriculture,cyan
Can you show me the agriculture yellow,agriculture,yellow
Can you show me the agriculture magenta,agriculture,magenta
Can you show me the agriculture green,agriculture,green
Can you show me the agriculture blue,agriculture,blue
Can you show me the agriculture white,agriculture,white
Can you show me the agriculture,agriculture,None
Can you show me the agricultures cyan,agriculture,cyan
Can you show me the agricultures yellow,agriculture,yellow
Can you show me the agricultures magenta,agriculture,magenta
Can you show me the agricultures green,agriculture,green
Can you show me the agricultures blue,agriculture,blue
Can you show me the agricultures white,agriculture,white
Can you show me the agricultures,agriculture,None
Can you show me the farm cyan,agriculture,cyan
Can you show me the farm yellow,agriculture,yellow
Can you show me the farm magenta,agriculture,magenta
Can you show me the farm green,agriculture,green
Can you show me the farm blue,agriculture,blue
Can you show me the farm white,agriculture,white
Can you show me the farm,agriculture,None
Can you show me the agricultural areas cyan,agriculture,cyan
Can you show me the agricultural areas yellow,agriculture,yellow
Can you show me the agricultural areas magenta,agriculture,magenta
Can you show me the agricultural areas green,agriculture,green
Can you show me the agricultural areas blue,agriculture,blue
Can you show me the agricultural areas white,agriculture,white
Can you show me the agricultural areas,agriculture,None
Can you show me the farmland cyan,agriculture,cyan
Can you show me the farmland yellow,agriculture,yellow
Can you show me the farmland magenta,agriculture,magenta
Can you show me the farmland green,agriculture,green
Can you show me the farmland blue,agriculture,blue
Can you show me the farmland white,agriculture,white
Can you show me the farmland,agriculture,None
Can you show me the farming areas cyan,agriculture,cyan
Can you show me the farming areas yellow,agriculture,yellow
Can you show me the farming areas magenta,agriculture,magenta
Can you show me the farming areas green,agriculture,green
Can you show me the farming areas blue,agriculture,blue
Can you show me the farming areas white,agriculture,white
Can you show me the farming areas,agriculture,None
Can you show me the crops cyan,agriculture,cyan
Can you show me the crops yellow,agriculture,yellow
Can you show me the crops magenta,agriculture,magenta
Can you show me the crops green,agriculture,green
Can you show me the crops blue,agriculture,blue
Can you show me the crops white,agriculture,white
Can you show me the crops,agriculture,None
Can you show me the rangeland cyan,rangeland,cyan
Can you show me the rangeland yellow,rangeland,yellow
Can you show me the rangeland magenta,rangeland,magenta
Can you show me the rangeland green,rangeland,green
Can you show me the rangeland blue,rangeland,blue
Can you show me the rangeland white,rangeland,white
Can you show me the rangeland,rangeland,None
Can you show me the grassland cyan,rangeland,cyan
Can you show me the grassland yellow,rangeland,yellow
Can you show me the grassland magenta,rangeland,magenta
Can you show me the grassland green,rangeland,green
Can you show me the grassland blue,rangeland,blue
Can you show me the grassland white,rangeland,white
Can you show me the grassland,rangeland,None
Can you show me the pastures cyan,rangeland,cyan
Can you show me the pastures yellow,rangeland,yellow
Can you show me the pastures magenta,rangeland,magenta
Can you show me the pastures green,rangeland,green
Can you show me the pastures blue,rangeland,blue
Can you show me the pastures white,rangeland,white
Can you show me the pastures,rangeland,None
Can you show me the grazing areas cyan,rangeland,cyan
Can you show me the grazing areas yellow,rangeland,yellow
Can you show me the grazing areas magenta,rangeland,magenta
Can you show me the grazing areas green,rangeland,green
Can you show me the grazing areas blue,rangeland,blue
Can you show me the grazing areas white,rangeland,white
Can you show me the grazing areas,rangeland,None
Can you show me the meadows cyan,rangeland,cyan
Can you show me the meadows yellow,rangeland,yellow
Can you show me the meadows magenta,rangeland,magenta
Can you show me the meadows green,rangeland,green
Can you show me the meadows blue,rangeland,blue
Can you show me the meadows white,rangeland,white
Can you show me the meadows,rangeland,None
Can you show me the forest cyan,forest,cyan
Can you show me the forest yellow,forest,yellow
Can you show me the forest magenta,forest,magenta
Can you show me the forest green,forest,green
Can you show me the forest blue,forest,blue
Can you show me the forest white,forest,white
Can you show me the forest,forest,None
Can you show me the forests cyan,forest,cyan
Can you show me the forests yellow,forest,yellow
Can you show me the forests magenta,forest,magenta
Can you show me the forests green,forest,green
Can you show me the forests blue,forest,blue
Can you show me the forests white,forest,white
Can you show me the forests,forest,None
Can you show me the forested areas cyan,forest,cyan
Can you show me the forested areas yellow,forest,yellow
Can you show me the forested areas magenta,forest,magenta
Can you show me the forested areas green,forest,green
Can you show me the forested areas blue,forest,blue
Can you show me the forested areas white,forest,white
Can you show me the forested areas,forest,None
Can you show me the woodland cyan,forest,cyan
Can you show me the woodland yellow,forest,yellow
Can you show me the woodland magenta,forest,magenta
Can you show me the woodland green,forest,green
Can you show me the woodland blue,forest,blue
Can you show me the woodland white,forest,white
Can you show me the woodland,forest,None
Can you show me the forest regions cyan,forest,cyan
Can you show me the forest regions yellow,forest,yellow
Can you show me the forest regions magenta,forest,magenta
Can you show me the forest regions green,forest,green
Can you show me the forest regions blue,forest,blue
Can you show me the forest regions white,forest,white
Can you show me the forest regions,forest,None
Can you show me the water cyan,water,cyan
Can you show me the water yellow,water,yellow
Can you show me the water magenta,water,magenta
Can you show me the water green,water,green
Can you show me the water blue,water,blue
Can you show me the water white,water,white
Can you show me the water,water,None
Can you show me the water bodies cyan,water,cyan
Can you show me the water bodies yellow,water,yellow
Can you show me the water bodies magenta,water,magenta
Can you show me the water bodies green,water,green
Can you show me the water bodies blue,water,blue
Can you show me the water bodies white,water,white
Can you show me the water bodies,water,None
Can you show me the lakes cyan,water,cyan
Can you show me the lakes yellow,water,yellow
Can you show me the lakes magenta,water,magenta
Can you show me the lakes green,water,green
Can you show me the lakes blue,water,blue
Can you show me the lakes white,water,white
Can you show me the lakes,water,None
Can you show me the rivers cyan,water,cyan
Can you show me the rivers yellow,water,yellow
Can you show me the rivers magenta,water,magenta
Can you show me the rivers green,water,green
Can you show me the rivers blue,water,blue
Can you show me the rivers white,water,white
Can you show me the rivers,water,None
Can you show me the water areas cyan,water,cyan
Can you show me the water areas yellow,water,yellow
Can you show me the water areas magenta,water,magenta
Can you show me the water areas green,water,green
Can you show me the water areas blue,water,blue
Can you show me the water areas white,water,white
Can you show me the water areas,water,None
Can you show me the barren cyan,barren,cyan
Can you show me the barren yellow,barren,yellow
Can you show me the barren magenta,barren,magenta
Can you show me the barren green,barren,green
Can you show me the barren blue,barren,blue
Can you show me the barren white,barren,white
Can you show me the barren,barren,None
Can you show me the desert cyan,barren,cyan
Can you show me the desert yellow,barren,yellow
Can you show me the desert magenta,barren,magenta
Can you show me the desert green,barren,green
Can you show me the desert blue,barren,blue
Can you show me the desert white,barren,white
Can you show me the desert,barren,None
Can you show me the arid land cyan,barren,cyan
Can you show me the arid land yellow,barren,yellow
Can you show me the arid land magenta,barren,magenta
Can you show me the arid land green,barren,green
Can you show me the arid land blue,barren,blue
Can you show me the arid land white,barren,white
Can you show me the arid land,barren,None
Can you show me the barren areas cyan,barren,cyan
Can you show me the barren areas yellow,barren,yellow
Can you show me the barren areas magenta,barren,magenta
Can you show me the barren areas green,barren,green
Can you show me the barren areas blue,barren,blue
Can you show me the barren areas white,barren,white
Can you show me the barren areas,barren,None
Can you show me the wasteland cyan,barren,cyan
Can you show me the wasteland yellow,barren,yellow
Can you show me the wasteland magenta,barren,magenta
Can you show me the wasteland green,barren,green
Can you show me the wasteland blue,barren,blue
Can you show me the wasteland white,barren,white
Can you show me the wasteland,barren,None
Please highlight the urban cyan,urban,cyan
Please highlight the urban yellow,urban,yellow
Please highlight the urban magenta,urban,magenta
Please highlight the urban green,urban,green
Please highlight the urban blue,urban,blue
Please highlight the urban white,urban,white
Please highlight the urban,urban,None
Please highlight the urbans cyan,urban,cyan
Please highlight the urbans yellow,urban,yellow
Please highlight the urbans magenta,urban,magenta
Please highlight the urbans green,urban,green
Please highlight the urbans blue,urban,blue
Please highlight the urbans white,urban,white
Please highlight the urbans,urban,None
Please highlight the urban areas cyan,urban,cyan
Please highlight the urban areas yellow,urban,yellow
Please highlight the urban areas magenta,urban,magenta
Please highlight the urban areas green,urban,green
Please highlight the urban areas blue,urban,blue
Please highlight the urban areas white,urban,white
Please highlight the urban areas,urban,None
Please highlight the cities cyan,urban,cyan
Please highlight the cities yellow,urban,yellow
Please highlight the cities magenta,urban,magenta
Please highlight the cities green,urban,green
Please highlight the cities blue,urban,blue
Please highlight the cities white,urban,white
Please highlight the cities,urban,None
Please highlight the city areas cyan,urban,cyan
Please highlight the city areas yellow,urban,yellow
Please highlight the city areas magenta,urban,magenta
Please highlight the city areas green,urban,green
Please highlight the city areas blue,urban,blue
Please highlight the city areas white,urban,white
Please highlight the city areas,urban,None
Please highlight the urban regions cyan,urban,cyan
Please highlight the urban regions yellow,urban,yellow
Please highlight the urban regions magenta,urban,magenta
Please highlight the urban regions green,urban,green
Please highlight the urban regions blue,urban,blue
Please highlight the urban regions white,urban,white
Please highlight the urban regions,urban,None
Please highlight the agriculture cyan,agriculture,cyan
Please highlight the agriculture yellow,agriculture,yellow
Please highlight the agriculture magenta,agriculture,magenta
Please highlight the agriculture green,agriculture,green
Please highlight the agriculture blue,agriculture,blue
Please highlight the agriculture white,agriculture,white
Please highlight the agriculture,agriculture,None
Please highlight the agricultures cyan,agriculture,cyan
Please highlight the agricultures yellow,agriculture,yellow
Please highlight the agricultures magenta,agriculture,magenta
Please highlight the agricultures green,agriculture,green
Please highlight the agricultures blue,agriculture,blue
Please highlight the agricultures white,agriculture,white
Please highlight the agricultures,agriculture,None
Please highlight the farm cyan,agriculture,cyan
Please highlight the farm yellow,agriculture,yellow
Please highlight the farm magenta,agriculture,magenta
Please highlight the farm green,agriculture,green
Please highlight the farm blue,agriculture,blue
Please highlight the farm white,agriculture,white
Please highlight the farm,agriculture,None
Please highlight the agricultural areas cyan,agriculture,cyan
Please highlight the agricultural areas yellow,agriculture,yellow
Please highlight the agricultural areas magenta,agriculture,magenta
Please highlight the agricultural areas green,agriculture,green
Please highlight the agricultural areas blue,agriculture,blue
Please highlight the agricultural areas white,agriculture,white
Please highlight the agricultural areas,agriculture,None
Please highlight the farmland cyan,agriculture,cyan
Please highlight the farmland yellow,agriculture,yellow
Please highlight the farmland magenta,agriculture,magenta
Please highlight the farmland green,agriculture,green
Please highlight the farmland blue,agriculture,blue
Please highlight the farmland white,agriculture,white
Please highlight the farmland,agriculture,None
Please highlight the farming areas cyan,agriculture,cyan
Please highlight the farming areas yellow,agriculture,yellow
Please highlight the farming areas magenta,agriculture,magenta
Please highlight the farming areas green,agriculture,green
Please highlight the farming areas blue,agriculture,blue
Please highlight the farming areas white,agriculture,white
Please highlight the farming areas,agriculture,None
Please highlight the crops cyan,agriculture,cyan
Please highlight the crops yellow,agriculture,yellow
Please highlight the crops magenta,agriculture,magenta
Please highlight the crops green,agriculture,green
Please highlight the crops blue,agriculture,blue
Please highlight the crops white,agriculture,white
Please highlight the crops,agriculture,None
Please highlight the rangeland cyan,rangeland,cyan
Please highlight the rangeland yellow,rangeland,yellow
Please highlight the rangeland magenta,rangeland,magenta
Please highlight the rangeland green,rangeland,green
Please highlight the rangeland blue,rangeland,blue
Please highlight the rangeland white,rangeland,white
Please highlight the rangeland,rangeland,None
Please highlight the grassland cyan,rangeland,cyan
Please highlight the grassland yellow,rangeland,yellow
Please highlight the grassland magenta,rangeland,magenta
Please highlight the grassland green,rangeland,green
Please highlight the grassland blue,rangeland,blue
Please highlight the grassland white,rangeland,white
Please highlight the grassland,rangeland,None
Please highlight the pastures cyan,rangeland,cyan
Please highlight the pastures yellow,rangeland,yellow
Please highlight the pastures magenta,rangeland,magenta
Please highlight the pastures green,rangeland,green
Please highlight the pastures blue,rangeland,blue
Please highlight the pastures white,rangeland,white
Please highlight the pastures,rangeland,None
Please highlight the grazing areas cyan,rangeland,cyan
Please highlight the grazing areas yellow,rangeland,yellow
Please highlight the grazing areas magenta,rangeland,magenta
Please highlight the grazing areas green,rangeland,green
Please highlight the grazing areas blue,rangeland,blue
Please highlight the grazing areas white,rangeland,white
Please highlight the grazing areas,rangeland,None
Please highlight the meadows cyan,rangeland,cyan
Please highlight the meadows yellow,rangeland,yellow
Please highlight the meadows magenta,rangeland,magenta
Please highlight the meadows green,rangeland,green
Please highlight the meadows blue,rangeland,blue
Please highlight the meadows white,rangeland,white
Please highlight the meadows,rangeland,None
Please highlight the forest cyan,forest,cyan
Please highlight the forest yellow,forest,yellow
Please highlight the forest magenta,forest,magenta
Please highlight the forest green,forest,green
Please highlight the forest blue,forest,blue
Please highlight the forest white,forest,white
Please highlight the forest,forest,None
Please highlight the forests cyan,forest,cyan
Please highlight the forests yellow,forest,yellow
Please highlight the forests magenta,forest,magenta
Please highlight the forests green,forest,green
Please highlight the forests blue,forest,blue
Please highlight the forests white,forest,white
Please highlight the forests,forest,None
Please highlight the forested areas cyan,forest,cyan
Please highlight the forested areas yellow,forest,yellow
Please highlight the forested areas magenta,forest,magenta
Please highlight the forested areas green,forest,green
Please highlight the forested areas blue,forest,blue
Please highlight the forested areas white,forest,white
Please highlight the forested areas,forest,None
Please highlight the woodland cyan,forest,cyan
Please highlight the woodland yellow,forest,yellow
Please highlight the woodland magenta,forest,magenta
Please highlight the woodland green,forest,green
Please highlight the woodland blue,forest,blue
Please highlight the woodland white,forest,white
Please highlight the woodland,forest,None
Please highlight the forest regions cyan,forest,cyan
Please highlight the forest regions yellow,forest,yellow
Please highlight the forest regions magenta,forest,magenta
Please highlight the forest regions green,forest,green
Please highlight the forest regions blue,forest,blue
Please highlight the forest regions white,forest,white
Please highlight the forest regions,forest,None
Please highlight the water cyan,water,cyan
Please highlight the water yellow,water,yellow
Please highlight the water magenta,water,magenta
Please highlight the water green,water,green
Please highlight the water blue,water,blue
Please highlight the water white,water,white
Please highlight the water,water,None
Please highlight the water bodies cyan,water,cyan
Please highlight the water bodies yellow,water,yellow
Please highlight the water bodies magenta,water,magenta
Please highlight the water bodies green,water,green
Please highlight the water bodies blue,water,blue
Please highlight the water bodies white,water,white
Please highlight the water bodies,water,None
Please highlight the lakes cyan,water,cyan
Please highlight the lakes yellow,water,yellow
Please highlight the lakes magenta,water,magenta
Please highlight the lakes green,water,green
Please highlight the lakes blue,water,blue
Please highlight the lakes white,water,white
Please highlight the lakes,water,None
Please highlight the rivers cyan,water,cyan
Please highlight the rivers yellow,water,yellow
Please highlight the rivers magenta,water,magenta
Please highlight the rivers green,water,green
Please highlight the rivers blue,water,blue
Please highlight the rivers white,water,white
Please highlight the rivers,water,None
Please highlight the water areas cyan,water,cyan
Please highlight the water areas yellow,water,yellow
Please highlight the water areas magenta,water,magenta
Please highlight the water areas green,water,green
Please highlight the water areas blue,water,blue
Please highlight the water areas white,water,white
Please highlight the water areas,water,None
Please highlight the barren cyan,barren,cyan
Please highlight the barren yellow,barren,yellow
Please highlight the barren magenta,barren,magenta
Please highlight the barren green,barren,green
Please highlight the barren blue,barren,blue
Please highlight the barren white,barren,white
Please highlight the barren,barren,None
Please highlight the desert cyan,barren,cyan
Please highlight the desert yellow,barren,yellow
Please highlight the desert magenta,barren,magenta
Please highlight the desert green,barren,green
Please highlight the desert blue,barren,blue
Please highlight the desert white,barren,white
Please highlight the desert,barren,None
Please highlight the arid land cyan,barren,cyan
Please highlight the arid land yellow,barren,yellow
Please highlight the arid land magenta,barren,magenta
Please highlight the arid land green,barren,green
Please highlight the arid land blue,barren,blue
Please highlight the arid land white,barren,white
Please highlight the arid land,barren,None
Please highlight the barren areas cyan,barren,cyan
Please highlight the barren areas yellow,barren,yellow
Please highlight the barren areas magenta,barren,magenta
Please highlight the barren areas green,barren,green
Please highlight the barren areas blue,barren,blue
Please highlight the barren areas white,barren,white
Please highlight the barren areas,barren,None
Please highlight the wasteland cyan,barren,cyan
Please highlight the wasteland yellow,barren,yellow
Please highlight the wasteland magenta,barren,magenta
Please highlight the wasteland green,barren,green
Please highlight the wasteland blue,barren,blue
Please highlight the wasteland white,barren,white
Please highlight the wasteland,barren,None
Show me the urban cyan,urban,cyan
Show me the urban yellow,urban,yellow
Show me the urban magenta,urban,magenta
Show me the urban green,urban,green
Show me the urban blue,urban,blue
Show me the urban white,urban,white
Show me the urban,urban,None
Show me the urbans cyan,urban,cyan
Show me the urbans yellow,urban,yellow
Show me the urbans magenta,urban,magenta
Show me the urbans green,urban,green
Show me the urbans blue,urban,blue
Show me the urbans white,urban,white
Show me the urbans,urban,None
Show me the urban areas cyan,urban,cyan
Show me the urban areas yellow,urban,yellow
Show me the urban areas magenta,urban,magenta
Show me the urban areas green,urban,green
Show me the urban areas blue,urban,blue
Show me the urban areas white,urban,white
Show me the urban areas,urban,None
Show me the cities cyan,urban,cyan
Show me the cities yellow,urban,yellow
Show me the cities magenta,urban,magenta
Show me the cities green,urban,green
Show me the cities blue,urban,blue
Show me the cities white,urban,white
Show me the cities,urban,None
Show me the city areas cyan,urban,cyan
Show me the city areas yellow,urban,yellow
Show me the city areas magenta,urban,magenta
Show me the city areas green,urban,green
Show me the city areas blue,urban,blue
Show me the city areas white,urban,white
Show me the city areas,urban,None
Show me the urban regions cyan,urban,cyan
Show me the urban regions yellow,urban,yellow
Show me the urban regions magenta,urban,magenta
Show me the urban regions green,urban,green
Show me the urban regions blue,urban,blue
Show me the urban regions white,urban,white
Show me the urban regions,urban,None
Show me the agriculture cyan,agriculture,cyan
Show me the agriculture yellow,agriculture,yellow
Show me the agriculture magenta,agriculture,magenta
Show me the agriculture green,agriculture,green
Show me the agriculture blue,agriculture,blue
Show me the agriculture white,agriculture,white
Show me the agriculture,agriculture,None
Show me the agricultures cyan,agriculture,cyan
Show me the agricultures yellow,agriculture,yellow
Show me the agricultures magenta,agriculture,magenta
Show me the agricultures green,agriculture,green
Show me the agricultures blue,agriculture,blue
Show me the agricultures white,agriculture,white
Show me the agricultures,agriculture,None
Show me the farm cyan,agriculture,cyan
Show me the farm yellow,agriculture,yellow
Show me the farm magenta,agriculture,magenta
Show me the farm green,agriculture,green
Show me the farm blue,agriculture,blue
Show me the farm white,agriculture,white
Show me the farm,agriculture,None
Show me the agricultural areas cyan,agriculture,cyan
Show me the agricultural areas yellow,agriculture,yellow
Show me the agricultural areas magenta,agriculture,magenta
Show me the agricultural areas green,agriculture,green
Show me the agricultural areas blue,agriculture,blue
Show me the agricultural areas white,agriculture,white
Show me the agricultural areas,agriculture,None
Show me the farmland cyan,agriculture,cyan
Show me the farmland yellow,agriculture,yellow
Show me the farmland magenta,agriculture,magenta
Show me the farmland green,agriculture,green
Show me the farmland blue,agriculture,blue
Show me the farmland white,agriculture,white
Show me the farmland,agriculture,None
Show me the farming areas cyan,agriculture,cyan
Show me the farming areas yellow,agriculture,yellow
Show me the farming areas magenta,agriculture,magenta
Show me the farming areas green,agriculture,green
Show me the farming areas blue,agriculture,blue
Show me the farming areas white,agriculture,white
Show me the farming areas,agriculture,None
Show me the crops cyan,agriculture,cyan
Show me the crops yellow,agriculture,yellow
Show me the crops magenta,agriculture,magenta
Show me the crops green,agriculture,green
Show me the crops blue,agriculture,blue
Show me the crops white,agriculture,white
Show me the crops,agriculture,None
Show me the rangeland cyan,rangeland,cyan
Show me the rangeland yellow,rangeland,yellow
Show me the rangeland magenta,rangeland,magenta
Show me the rangeland green,rangeland,green
Show me the rangeland blue,rangeland,blue
Show me the rangeland white,rangeland,white
Show me the rangeland,rangeland,None
Show me the grassland cyan,rangeland,cyan
Show me the grassland yellow,rangeland,yellow
Show me the grassland magenta,rangeland,magenta
Show me the grassland green,rangeland,green
Show me the grassland blue,rangeland,blue
Show me the grassland white,rangeland,white
Show me the grassland,rangeland,None
Show me the pastures cyan,rangeland,cyan
Show me the pastures yellow,rangeland,yellow
Show me the pastures magenta,rangeland,magenta
Show me the pastures green,rangeland,green
Show me the pastures blue,rangeland,blue
Show me the pastures white,rangeland,white
Show me the pastures,rangeland,None
Show me the grazing areas cyan,rangeland,cyan
Show me the grazing areas yellow,rangeland,yellow
Show me the grazing areas magenta,rangeland,magenta
Show me the grazing areas green,rangeland,green
Show me the grazing areas blue,rangeland,blue
Show me the grazing areas white,rangeland,white
Show me the grazing areas,rangeland,None
Show me the meadows cyan,rangeland,cyan
Show me the meadows yellow,rangeland,yellow
Show me the meadows magenta,rangeland,magenta
Show me the meadows green,rangeland,green
Show me the meadows blue,rangeland,blue
Show me the meadows white,rangeland,white
Show me the meadows,rangeland,None
Show me the forest cyan,forest,cyan
Show me the forest yellow,forest,yellow
Show me the forest magenta,forest,magenta
Show me the forest green,forest,green
Show me the forest blue,forest,blue
Show me the forest white,forest,white
Show me the forest,forest,None
Show me the forests cyan,forest,cyan
Show me the forests yellow,forest,yellow
Show me the forests magenta,forest,magenta
Show me the forests green,forest,green
Show me the forests blue,forest,blue
Show me the forests white,forest,white
Show me the forests,forest,None
Show me the forested areas cyan,forest,cyan
Show me the forested areas yellow,forest,yellow
Show me the forested areas magenta,forest,magenta
Show me the forested areas green,forest,green
Show me the forested areas blue,forest,blue
Show me the forested areas white,forest,white
Show me the forested areas,forest,None
Show me the woodland cyan,forest,cyan
Show me the woodland yellow,forest,yellow
Show me the woodland magenta,forest,magenta
Show me the woodland green,forest,green
Show me the woodland blue,forest,blue
Show me the woodland white,forest,white
Show me the woodland,forest,None
Show me the forest regions cyan,forest,cyan
Show me the forest regions yellow,forest,yellow
Show me the forest regions magenta,forest,magenta
Show me the forest regions green,forest,green
Show me the forest regions blue,forest,blue
Show me the forest regions white,forest,white
Show me the forest regions,forest,None
Show me the water cyan,water,cyan
Show me the water yellow,water,yellow
Show me the water magenta,water,magenta
Show me the water green,water,green
Show me the water blue,water,blue
Show me the water white,water,white
Show me the water,water,None
Show me the water bodies cyan,water,cyan
Show me the water bodies yellow,water,yellow
Show me the water bodies magenta,water,magenta
Show me the water bodies green,water,green
Show me the water bodies blue,water,blue
Show me the water bodies white,water,white
Show me the water bodies,water,None
Show me the lakes cyan,water,cyan
Show me the lakes yellow,water,yellow
Show me the lakes magenta,water,magenta
Show me the lakes green,water,green
Show me the lakes blue,water,blue
Show me the lakes white,water,white
Show me the lakes,water,None
Show me the rivers cyan,water,cyan
Show me the rivers yellow,water,yellow
Show me the rivers magenta,water,magenta
Show me the rivers green,water,green
Show me the rivers blue,water,blue
Show me the rivers white,water,white
Show me the rivers,water,None
Show me the water areas cyan,water,cyan
Show me the water areas yellow,water,yellow
Show me the water areas magenta,water,magenta
Show me the water areas green,water,green
Show me the water areas blue,water,blue
Show me the water areas white,water,white
Show me the water areas,water,None
Show me the barren cyan,barren,cyan
Show me the barren yellow,barren,yellow
Show me the barren magenta,barren,magenta
Show me the barren green,barren,green
Show me the barren blue,barren,blue
Show me the barren white,barren,white
Show me the barren,barren,None
Show me the desert cyan,barren,cyan
Show me the desert yellow,barren,yellow
Show me the desert magenta,barren,magenta
Show me the desert green,barren,green
Show me the desert blue,barren,blue
Show me the desert white,barren,white
Show me the desert,barren,None
Show me the arid land cyan,barren,cyan
Show me the arid land yellow,barren,yellow
Show me the arid land magenta,barren,magenta
Show me the arid land green,barren,green
Show me the arid land blue,barren,blue
Show me the arid land white,barren,white
Show me the arid land,barren,None
Show me the barren areas cyan,barren,cyan
Show me the barren areas yellow,barren,yellow
Show me the barren areas magenta,barren,magenta
Show me the barren areas green,barren,green
Show me the barren areas blue,barren,blue
Show me the barren areas white,barren,white
Show me the barren areas,barren,None
Show me the wasteland cyan,barren,cyan
Show me the wasteland yellow,barren,yellow
Show me the wasteland magenta,barren,magenta
Show me the wasteland green,barren,green
Show me the wasteland blue,barren,blue
Show me the wasteland white,barren,white
Show me the wasteland,barren,None
The urban cyan,urban,cyan
The urban yellow,urban,yellow
The urban magenta,urban,magenta
The urban green,urban,green
The urban blue,urban,blue
The urban white,urban,white
The urban,urban,None
The urbans cyan,urban,cyan
The urbans yellow,urban,yellow
The urbans magenta,urban,magenta
The urbans green,urban,green
The urbans blue,urban,blue
The urbans white,urban,white
The urbans,urban,None
The urban areas cyan,urban,cyan
The urban areas yellow,urban,yellow
The urban areas magenta,urban,magenta
The urban areas green,urban,green
The urban areas blue,urban,blue
The urban areas white,urban,white
The urban areas,urban,None
The cities cyan,urban,cyan
The cities yellow,urban,yellow
The cities magenta,urban,magenta
The cities green,urban,green
The cities blue,urban,blue
The cities white,urban,white
The cities,urban,None
The city areas cyan,urban,cyan
The city areas yellow,urban,yellow
The city areas magenta,urban,magenta
The city areas green,urban,green
The city areas blue,urban,blue
The city areas white,urban,white
The city areas,urban,None
The urban regions cyan,urban,cyan
The urban regions yellow,urban,yellow
The urban regions magenta,urban,magenta
The urban regions green,urban,green
The urban regions blue,urban,blue
The urban regions white,urban,white
The urban regions,urban,None
The agriculture cyan,agriculture,cyan
The agriculture yellow,agriculture,yellow
The agriculture magenta,agriculture,magenta
The agriculture green,agriculture,green
The agriculture blue,agriculture,blue
The agriculture white,agriculture,white
The agriculture,agriculture,None
The agricultures cyan,agriculture,cyan
The agricultures yellow,agriculture,yellow
The agricultures magenta,agriculture,magenta
The agricultures green,agriculture,green
The agricultures blue,agriculture,blue
The agricultures white,agriculture,white
The agricultures,agriculture,None
The farm cyan,agriculture,cyan
The farm yellow,agriculture,yellow
The farm magenta,agriculture,magenta
The farm green,agriculture,green
The farm blue,agriculture,blue
The farm white,agriculture,white
The farm,agriculture,None
The agricultural areas cyan,agriculture,cyan
The agricultural areas yellow,agriculture,yellow
The agricultural areas magenta,agriculture,magenta
The agricultural areas green,agriculture,green
The agricultural areas blue,agriculture,blue
The agricultural areas white,agriculture,white
The agricultural areas,agriculture,None
The farmland cyan,agriculture,cyan
The farmland yellow,agriculture,yellow
The farmland magenta,agriculture,magenta
The farmland green,agriculture,green
The farmland blue,agriculture,blue
The farmland white,agriculture,white
The farmland,agriculture,None
The farming areas cyan,agriculture,cyan
The farming areas yellow,agriculture,yellow
The farming areas magenta,agriculture,magenta
The farming areas green,agriculture,green
The farming areas blue,agriculture,blue
The farming areas white,agriculture,white
The farming areas,agriculture,None
The crops cyan,agriculture,cyan
The crops yellow,agriculture,yellow
The crops magenta,agriculture,magenta
The crops green,agriculture,green
The crops blue,agriculture,blue
The crops white,agriculture,white
The crops,agriculture,None
The rangeland cyan,rangeland,cyan
The rangeland yellow,rangeland,yellow
The rangeland magenta,rangeland,magenta
The rangeland green,rangeland,green
The rangeland blue,rangeland,blue
The rangeland white,rangeland,white
The rangeland,rangeland,None
The grassland cyan,rangeland,cyan
The grassland yellow,rangeland,yellow
The grassland magenta,rangeland,magenta
The grassland green,rangeland,green
The grassland blue,rangeland,blue
The grassland white,rangeland,white
The grassland,rangeland,None
The pastures cyan,rangeland,cyan
The pastures yellow,rangeland,yellow
The pastures magenta,rangeland,magenta
The pastures green,rangeland,green
The pastures blue,rangeland,blue
The pastures white,rangeland,white
The pastures,rangeland,None
The grazing areas cyan,rangeland,cyan
The grazing areas yellow,rangeland,yellow
The grazing areas magenta,rangeland,magenta
The grazing areas green,rangeland,green
The grazing areas blue,rangeland,blue
The grazing areas white,rangeland,white
The grazing areas,rangeland,None
The meadows cyan,rangeland,cyan
The meadows yellow,rangeland,yellow
The meadows magenta,rangeland,magenta
The meadows green,rangeland,green
The meadows blue,rangeland,blue
The meadows white,rangeland,white
The meadows,rangeland,None
The forest cyan,forest,cyan
The forest yellow,forest,yellow
The forest magenta,forest,magenta
The forest green,forest,green
The forest blue,forest,blue
The forest white,forest,white
The forest,forest,None
The forests cyan,forest,cyan
The forests yellow,forest,yellow
The forests magenta,forest,magenta
The forests green,forest,green
The forests blue,forest,blue
The forests white,forest,white
The forests,forest,None
The forested areas cyan,forest,cyan
The forested areas yellow,forest,yellow
The forested areas magenta,forest,magenta
The forested areas green,forest,green
The forested areas blue,forest,blue
The forested areas white,forest,white
The forested areas,forest,None
The woodland cyan,forest,cyan
The woodland yellow,forest,yellow
The woodland magenta,forest,magenta
The woodland green,forest,green
The woodland blue,forest,blue
The woodland white,forest,white
The woodland,forest,None
The forest regions cyan,forest,cyan
The forest regions yellow,forest,yellow
The forest regions magenta,forest,magenta
The forest regions green,forest,green
The forest regions blue,forest,blue
The forest regions white,forest,white
The forest regions,forest,None
The water cyan,water,cyan
The water yellow,water,yellow
The water magenta,water,magenta
The water green,water,green
The water blue,water,blue
The water white,water,white
The water,water,None
The water bodies cyan,water,cyan
The water bodies yellow,water,yellow
The water bodies magenta,water,magenta
The water bodies green,water,green
The water bodies blue,water,blue
The water bodies white,water,white
The water bodies,water,None
The lakes cyan,water,cyan
The lakes yellow,water,yellow
The lakes magenta,water,magenta
The lakes green,water,green
The lakes blue,water,blue
The lakes white,water,white
The lakes,water,None
The rivers cyan,water,cyan
The rivers yellow,water,yellow
The rivers magenta,water,magenta
The rivers green,water,green
The rivers blue,water,blue
The rivers white,water,white
The rivers,water,None
The water areas cyan,water,cyan
The water areas yellow,water,yellow
The water areas magenta,water,magenta
The water areas green,water,green
The water areas blue,water,blue
The water areas white,water,white
The water areas,water,None
The barren cyan,barren,cyan
The barren yellow,barren,yellow
The barren magenta,barren,magenta
The barren green,barren,green
The barren blue,barren,blue
The barren white,barren,white
The barren,barren,None
The desert cyan,barren,cyan
The desert yellow,barren,yellow
The desert magenta,barren,magenta
The desert green,barren,green
The desert blue,barren,blue
The desert white,barren,white
The desert,barren,None
The arid land cyan,barren,cyan
The arid land yellow,barren,yellow
The arid land magenta,barren,magenta
The arid land green,barren,green
The arid land blue,barren,blue
The arid land white,barren,white
The arid land,barren,None
The barren areas cyan,barren,cyan
The barren areas yellow,barren,yellow
The barren areas magenta,barren,magenta
The barren areas green,barren,green
The barren areas blue,barren,blue
The barren areas white,barren,white
The barren areas,barren,None
The wasteland cyan,barren,cyan
The wasteland yellow,barren,yellow
The wasteland magenta,barren,magenta
The wasteland green,barren,green
The wasteland blue,barren,blue
The wasteland white,barren,white
The wasteland,barren,None
The color of urban is cyan,urban,cyan
The color of urban is yellow,urban,yellow
The color of urban is magenta,urban,magenta
The color of urban is green,urban,green
The color of urban is blue,urban,blue
The color of urban is white,urban,white
The color of urban is,urban,None
The color of urbans is cyan,urban,cyan
The color of urbans is yellow,urban,yellow
The color of urbans is magenta,urban,magenta
The color of urbans is green,urban,green
The color of urbans is blue,urban,blue
The color of urbans is white,urban,white
The color of urbans is,urban,None
The color of urban areas is cyan,urban,cyan
The color of urban areas is yellow,urban,yellow
The color of urban areas is magenta,urban,magenta
The color of urban areas is green,urban,green
The color of urban areas is blue,urban,blue
The color of urban areas is white,urban,white
The color of urban areas is,urban,None
The color of cities is cyan,urban,cyan
The color of cities is yellow,urban,yellow
The color of cities is magenta,urban,magenta
The color of cities is green,urban,green
The color of cities is blue,urban,blue
The color of cities is white,urban,white
The color of cities is,urban,None
The color of city areas is cyan,urban,cyan
The color of city areas is yellow,urban,yellow
The color of city areas is magenta,urban,magenta
The color of city areas is green,urban,green
The color of city areas is blue,urban,blue
The color of city areas is white,urban,white
The color of city areas is,urban,None
The color of urban regions is cyan,urban,cyan
The color of urban regions is yellow,urban,yellow
The color of urban regions is magenta,urban,magenta
The color of urban regions is green,urban,green
The color of urban regions is blue,urban,blue
The color of urban regions is white,urban,white
The color of urban regions is,urban,None
The color of agriculture is cyan,agriculture,cyan
The color of agriculture is yellow,agriculture,yellow
The color of agriculture is magenta,agriculture,magenta
The color of agriculture is green,agriculture,green
The color of agriculture is blue,agriculture,blue
The color of agriculture is white,agriculture,white
The color of agriculture is,agriculture,None
The color of agricultures is cyan,agriculture,cyan
The color of agricultures is yellow,agriculture,yellow
The color of agricultures is magenta,agriculture,magenta
The color of agricultures is green,agriculture,green
The color of agricultures is blue,agriculture,blue
The color of agricultures is white,agriculture,white
The color of agricultures is,agriculture,None
The color of farm is cyan,agriculture,cyan
The color of farm is yellow,agriculture,yellow
The color of farm is magenta,agriculture,magenta
The color of farm is green,agriculture,green
The color of farm is blue,agriculture,blue
The color of farm is white,agriculture,white
The color of farm is,agriculture,None
The color of agricultural areas is cyan,agriculture,cyan
The color of agricultural areas is yellow,agriculture,yellow
The color of agricultural areas is magenta,agriculture,magenta
The color of agricultural areas is green,agriculture,green
The color of agricultural areas is blue,agriculture,blue
The color of agricultural areas is white,agriculture,white
The color of agricultural areas is,agriculture,None
The color of farmland is cyan,agriculture,cyan
The color of farmland is yellow,agriculture,yellow
The color of farmland is magenta,agriculture,magenta
The color of farmland is green,agriculture,green
The color of farmland is blue,agriculture,blue
The color of farmland is white,agriculture,white
The color of farmland is,agriculture,None
The color of farming areas is cyan,agriculture,cyan
The color of farming areas is yellow,agriculture,yellow
The color of farming areas is magenta,agriculture,magenta
The color of farming areas is green,agriculture,green
The color of farming areas is blue,agriculture,blue
The color of farming areas is white,agriculture,white
The color of farming areas is,agriculture,None
The color of crops is cyan,agriculture,cyan
The color of crops is yellow,agriculture,yellow
The color of crops is magenta,agriculture,magenta
The color of crops is green,agriculture,green
The color of crops is blue,agriculture,blue
The color of crops is white,agriculture,white
The color of crops is,agriculture,None
The color of rangeland is cyan,rangeland,cyan
The color of rangeland is yellow,rangeland,yellow
The color of rangeland is magenta,rangeland,magenta
The color of rangeland is green,rangeland,green
The color of rangeland is blue,rangeland,blue
The color of rangeland is white,rangeland,white
The color of rangeland is,rangeland,None
The color of grassland is cyan,rangeland,cyan
The color of grassland is yellow,rangeland,yellow
The color of grassland is magenta,rangeland,magenta
The color of grassland is green,rangeland,green
The color of grassland is blue,rangeland,blue
The color of grassland is white,rangeland,white
The color of grassland is,rangeland,None
The color of pastures is cyan,rangeland,cyan
The color of pastures is yellow,rangeland,yellow
The color of pastures is magenta,rangeland,magenta
The color of pastures is green,rangeland,green
The color of pastures is blue,rangeland,blue
The color of pastures is white,rangeland,white
The color of pastures is,rangeland,None
The color of grazing areas is cyan,rangeland,cyan
The color of grazing areas is yellow,rangeland,yellow
The color of grazing areas is magenta,rangeland,magenta
The color of grazing areas is green,rangeland,green
The color of grazing areas is blue,rangeland,blue
The color of grazing areas is white,rangeland,white
The color of grazing areas is,rangeland,None
The color of meadows is cyan,rangeland,cyan
The color of meadows is yellow,rangeland,yellow
The color of meadows is magenta,rangeland,magenta
The color of meadows is green,rangeland,green
The color of meadows is blue,rangeland,blue
The color of meadows is white,rangeland,white
The color of meadows is,rangeland,None
The color of forest is cyan,forest,cyan
The color of forest is yellow,forest,yellow
The color of forest is magenta,forest,magenta
The color of forest is green,forest,green
The color of forest is blue,forest,blue
The color of forest is white,forest,white
The color of forest is,forest,None
The color of forests is cyan,forest,cyan
The color of forests is yellow,forest,yellow
The color of forests is magenta,forest,magenta
The color of forests is green,forest,green
The color of forests is blue,forest,blue
The color of forests is white,forest,white
The color of forests is,forest,None
The color of forested areas is cyan,forest,cyan
The color of forested areas is yellow,forest,yellow
The color of forested areas is magenta,forest,magenta
The color of forested areas is green,forest,green
The color of forested areas is blue,forest,blue
The color of forested areas is white,forest,white
The color of forested areas is,forest,None
The color of woodland is cyan,forest,cyan
The color of woodland is yellow,forest,yellow
The color of woodland is magenta,forest,magenta
The color of woodland is green,forest,green
The color of woodland is blue,forest,blue
The color of woodland is white,forest,white
The color of woodland is,forest,None
The color of forest regions is cyan,forest,cyan
The color of forest regions is yellow,forest,yellow
The color of forest regions is magenta,forest,magenta
The color of forest regions is green,forest,green
The color of forest regions is blue,forest,blue
The color of forest regions is white,forest,white
The color of forest regions is,forest,None
The color of water is cyan,water,cyan
The color of water is yellow,water,yellow
The color of water is magenta,water,magenta
The color of water is green,water,green
The color of water is blue,water,blue
The color of water is white,water,white
The color of water is,water,None
The color of water bodies is cyan,water,cyan
The color of water bodies is yellow,water,yellow
The color of water bodies is magenta,water,magenta
The color of water bodies is green,water,green
The color of water bodies is blue,water,blue
The color of water bodies is white,water,white
The color of water bodies is,water,None
The color of lakes is cyan,water,cyan
The color of lakes is yellow,water,yellow
The color of lakes is magenta,water,magenta
The color of lakes is green,water,green
The color of lakes is blue,water,blue
The color of lakes is white,water,white
The color of lakes is,water,None
The color of rivers is cyan,water,cyan
The color of rivers is yellow,water,yellow
The color of rivers is magenta,water,magenta
The color of rivers is green,water,green
The color of rivers is blue,water,blue
The color of rivers is white,water,white
The color of rivers is,water,None
The color of water areas is cyan,water,cyan
The color of water areas is yellow,water,yellow
The color of water areas is magenta,water,magenta
The color of water areas is green,water,green
The color of water areas is blue,water,blue
The color of water areas is white,water,white
The color of water areas is,water,None
The color of barren is cyan,barren,cyan
The color of barren is yellow,barren,yellow
The color of barren is magenta,barren,magenta
The color of barren is green,barren,green
The color of barren is blue,barren,blue
The color of barren is white,barren,white
The color of barren is,barren,None
The color of desert is cyan,barren,cyan
The color of desert is yellow,barren,yellow
The color of desert is magenta,barren,magenta
The color of desert is green,barren,green
The color of desert is blue,barren,blue
The color of desert is white,barren,white
The color of desert is,barren,None
The color of arid land is cyan,barren,cyan
The color of arid land is yellow,barren,yellow
The color of arid land is magenta,barren,magenta
The color of arid land is green,barren,green
The color of arid land is blue,barren,blue
The color of arid land is white,barren,white
The color of arid land is,barren,None
The color of barren areas is cyan,barren,cyan
The color of barren areas is yellow,barren,yellow
The color of barren areas is magenta,barren,magenta
The color of barren areas is green,barren,green
The color of barren areas is blue,barren,blue
The color of barren areas is white,barren,white
The color of barren areas is,barren,None
The color of wasteland is cyan,barren,cyan
The color of wasteland is yellow,barren,yellow
The color of wasteland is magenta,barren,magenta
The color of wasteland is green,barren,green
The color of wasteland is blue,barren,blue
The color of wasteland is white,barren,white
The color of wasteland is,barren,None
The urban is cyan,urban,cyan
The urban is yellow,urban,yellow
The urban is magenta,urban,magenta
The urban is green,urban,green
The urban is blue,urban,blue
The urban is white,urban,white
The urban is,urban,None
The urbans is cyan,urban,cyan
The urbans is yellow,urban,yellow
The urbans is magenta,urban,magenta
The urbans is green,urban,green
The urbans is blue,urban,blue
The urbans is white,urban,white
The urbans is,urban,None
The urban areas is cyan,urban,cyan
The urban areas is yellow,urban,yellow
The urban areas is magenta,urban,magenta
The urban areas is green,urban,green
The urban areas is blue,urban,blue
The urban areas is white,urban,white
The urban areas is,urban,None
The cities is cyan,urban,cyan
The cities is yellow,urban,yellow
The cities is magenta,urban,magenta
The cities is green,urban,green
The cities is blue,urban,blue
The cities is white,urban,white
The cities is,urban,None
The city areas is cyan,urban,cyan
The city areas is yellow,urban,yellow
The city areas is magenta,urban,magenta
The city areas is green,urban,green
The city areas is blue,urban,blue
The city areas is white,urban,white
The city areas is,urban,None
The urban regions is cyan,urban,cyan
The urban regions is yellow,urban,yellow
The urban regions is magenta,urban,magenta
The urban regions is green,urban,green
The urban regions is blue,urban,blue
The urban regions is white,urban,white
The urban regions is,urban,None
The agriculture is cyan,agriculture,cyan
The agriculture is yellow,agriculture,yellow
The agriculture is magenta,agriculture,magenta
The agriculture is green,agriculture,green
The agriculture is blue,agriculture,blue
The agriculture is white,agriculture,white
The agriculture is,agriculture,None
The agricultures is cyan,agriculture,cyan
The agricultures is yellow,agriculture,yellow
The agricultures is magenta,agriculture,magenta
The agricultures is green,agriculture,green
The agricultures is blue,agriculture,blue
The agricultures is white,agriculture,white
The agricultures is,agriculture,None
The farm is cyan,agriculture,cyan
The farm is yellow,agriculture,yellow
The farm is magenta,agriculture,magenta
The farm is green,agriculture,green
The farm is blue,agriculture,blue
The farm is white,agriculture,white
The farm is,agriculture,None
The agricultural areas is cyan,agriculture,cyan
The agricultural areas is yellow,agriculture,yellow
The agricultural areas is magenta,agriculture,magenta
The agricultural areas is green,agriculture,green
The agricultural areas is blue,agriculture,blue
The agricultural areas is white,agriculture,white
The agricultural areas is,agriculture,None
The farmland is cyan,agriculture,cyan
The farmland is yellow,agriculture,yellow
The farmland is magenta,agriculture,magenta
The farmland is green,agriculture,green
The farmland is blue,agriculture,blue
The farmland is white,agriculture,white
The farmland is,agriculture,None
The farming areas is cyan,agriculture,cyan
The farming areas is yellow,agriculture,yellow
The farming areas is magenta,agriculture,magenta
The farming areas is green,agriculture,green
The farming areas is blue,agriculture,blue
The farming areas is white,agriculture,white
The farming areas is,agriculture,None
The crops is cyan,agriculture,cyan
The crops is yellow,agriculture,yellow
The crops is magenta,agriculture,magenta
The crops is green,agriculture,green
The crops is blue,agriculture,blue
The crops is white,agriculture,white
The crops is,agriculture,None
The rangeland is cyan,rangeland,cyan
The rangeland is yellow,rangeland,yellow
The rangeland is magenta,rangeland,magenta
The rangeland is green,rangeland,green
The rangeland is blue,rangeland,blue
The rangeland is white,rangeland,white
The rangeland is,rangeland,None
The grassland is cyan,rangeland,cyan
The grassland is yellow,rangeland,yellow
The grassland is magenta,rangeland,magenta
The grassland is green,rangeland,green
The grassland is blue,rangeland,blue
The grassland is white,rangeland,white
The grassland is,rangeland,None
The pastures is cyan,rangeland,cyan
The pastures is yellow,rangeland,yellow
The pastures is magenta,rangeland,magenta
The pastures is green,rangeland,green
The pastures is blue,rangeland,blue
The pastures is white,rangeland,white
The pastures is,rangeland,None
The grazing areas is cyan,rangeland,cyan
The grazing areas is yellow,rangeland,yellow
The grazing areas is magenta,rangeland,magenta
The grazing areas is green,rangeland,green
The grazing areas is blue,rangeland,blue
The grazing areas is white,rangeland,white
The grazing areas is,rangeland,None
The meadows is cyan,rangeland,cyan
The meadows is yellow,rangeland,yellow
The meadows is magenta,rangeland,magenta
The meadows is green,rangeland,green
The meadows is blue,rangeland,blue
The meadows is white,rangeland,white
The meadows is,rangeland,None
The forest is cyan,forest,cyan
The forest is yellow,forest,yellow
The forest is magenta,forest,magenta
The forest is green,forest,green
The forest is blue,forest,blue
The forest is white,forest,white
The forest is,forest,None
The forests is cyan,forest,cyan
The forests is yellow,forest,yellow
The forests is magenta,forest,magenta
The forests is green,forest,green
The forests is blue,forest,blue
The forests is white,forest,white
The forests is,forest,None
The forested areas is cyan,forest,cyan
The forested areas is yellow,forest,yellow
The forested areas is magenta,forest,magenta
The forested areas is green,forest,green
The forested areas is blue,forest,blue
The forested areas is white,forest,white
The forested areas is,forest,None
The woodland is cyan,forest,cyan
The woodland is yellow,forest,yellow
The woodland is magenta,forest,magenta
The woodland is green,forest,green
The woodland is blue,forest,blue
The woodland is white,forest,white
The woodland is,forest,None
The forest regions is cyan,forest,cyan
The forest regions is yellow,forest,yellow
The forest regions is magenta,forest,magenta
The forest regions is green,forest,green
The forest regions is blue,forest,blue
The forest regions is white,forest,white
The forest regions is,forest,None
The water is cyan,water,cyan
The water is yellow,water,yellow
The water is magenta,water,magenta
The water is green,water,green
The water is blue,water,blue
The water is white,water,white
The water is,water,None
The water bodies is cyan,water,cyan
The water bodies is yellow,water,yellow
The water bodies is magenta,water,magenta
The water bodies is green,water,green
The water bodies is blue,water,blue
The water bodies is white,water,white
The water bodies is,water,None
The lakes is cyan,water,cyan
The lakes is yellow,water,yellow
The lakes is magenta,water,magenta
The lakes is green,water,green
The lakes is blue,water,blue
The lakes is white,water,white
The lakes is,water,None
The rivers is cyan,water,cyan
The rivers is yellow,water,yellow
The rivers is magenta,water,magenta
The rivers is green,water,green
The rivers is blue,water,blue
The rivers is white,water,white
The rivers is,water,None
The water areas is cyan,water,cyan
The water areas is yellow,water,yellow
The water areas is magenta,water,magenta
The water areas is green,water,green
The water areas is blue,water,blue
The water areas is white,water,white
The water areas is,water,None
The barren is cyan,barren,cyan
The barren is yellow,barren,yellow
The barren is magenta,barren,magenta
The barren is green,barren,green
The barren is blue,barren,blue
The barren is white,barren,white
The barren is,barren,None
The desert is cyan,barren,cyan
The desert is yellow,barren,yellow
The desert is magenta,barren,magenta
The desert is green,barren,green
The desert is blue,barren,blue
The desert is white,barren,white
The desert is,barren,None
The arid land is cyan,barren,cyan
The arid land is yellow,barren,yellow
The arid land is magenta,barren,magenta
The arid land is green,barren,green
The arid land is blue,barren,blue
The arid land is white,barren,white
The arid land is,barren,None
The barren areas is cyan,barren,cyan
The barren areas is yellow,barren,yellow
The barren areas is magenta,barren,magenta
The barren areas is green,barren,green
The barren areas is blue,barren,blue
The barren areas is white,barren,white
The barren areas is,barren,None
The wasteland is cyan,barren,cyan
The wasteland is yellow,barren,yellow
The wasteland is magenta,barren,magenta
The wasteland is green,barren,green
The wasteland is blue,barren,blue
The wasteland is white,barren,white
The wasteland is,barren,None
Let me see the urban cyan,urban,cyan
Let me see the urban yellow,urban,yellow
Let me see the urban magenta,urban,magenta
Let me see the urban green,urban,green
Let me see the urban blue,urban,blue
Let me see the urban white,urban,white
Let me see the urban,urban,None
Let me see the urbans cyan,urban,cyan
Let me see the urbans yellow,urban,yellow
Let me see the urbans magenta,urban,magenta
Let me see the urbans green,urban,green
Let me see the urbans blue,urban,blue
Let me see the urbans white,urban,white
Let me see the urbans,urban,None
Let me see the urban areas cyan,urban,cyan
Let me see the urban areas yellow,urban,yellow
Let me see the urban areas magenta,urban,magenta
Let me see the urban areas green,urban,green
Let me see the urban areas blue,urban,blue
Let me see the urban areas white,urban,white
Let me see the urban areas,urban,None
Let me see the cities cyan,urban,cyan
Let me see the cities yellow,urban,yellow
Let me see the cities magenta,urban,magenta
Let me see the cities green,urban,green
Let me see the cities blue,urban,blue
Let me see the cities white,urban,white
Let me see the cities,urban,None
Let me see the city areas cyan,urban,cyan
Let me see the city areas yellow,urban,yellow
Let me see the city areas magenta,urban,magenta
Let me see the city areas green,urban,green
Let me see the city areas blue,urban,blue
Let me see the city areas white,urban,white
Let me see the city areas,urban,None
Let me see the urban regions cyan,urban,cyan
Let me see the urban regions yellow,urban,yellow
Let me see the urban regions magenta,urban,magenta
Let me see the urban regions green,urban,green
Let me see the urban regions blue,urban,blue
Let me see the urban regions white,urban,white
Let me see the urban regions,urban,None
Let me see the agriculture cyan,agriculture,cyan
Let me see the agriculture yellow,agriculture,yellow
Let me see the agriculture magenta,agriculture,magenta
Let me see the agriculture green,agriculture,green
Let me see the agriculture blue,agriculture,blue
Let me see the agriculture white,agriculture,white
Let me see the agriculture,agriculture,None
Let me see the agricultures cyan,agriculture,cyan
Let me see the agricultures yellow,agriculture,yellow
Let me see the agricultures magenta,agriculture,magenta
Let me see the agricultures green,agriculture,green
Let me see the agricultures blue,agriculture,blue
Let me see the agricultures white,agriculture,white
Let me see the agricultures,agriculture,None
Let me see the farm cyan,agriculture,cyan
Let me see the farm yellow,agriculture,yellow
Let me see the farm magenta,agriculture,magenta
Let me see the farm green,agriculture,green
Let me see the farm blue,agriculture,blue
Let me see the farm white,agriculture,white
Let me see the farm,agriculture,None
Let me see the agricultural areas cyan,agriculture,cyan
Let me see the agricultural areas yellow,agriculture,yellow
Let me see the agricultural areas magenta,agriculture,magenta
Let me see the agricultural areas green,agriculture,green
Let me see the agricultural areas blue,agriculture,blue
Let me see the agricultural areas white,agriculture,white
Let me see the agricultural areas,agriculture,None
Let me see the farmland cyan,agriculture,cyan
Let me see the farmland yellow,agriculture,yellow
Let me see the farmland magenta,agriculture,magenta
Let me see the farmland green,agriculture,green
Let me see the farmland blue,agriculture,blue
Let me see the farmland white,agriculture,white
Let me see the farmland,agriculture,None
Let me see the farming areas cyan,agriculture,cyan
Let me see the farming areas yellow,agriculture,yellow
Let me see the farming areas magenta,agriculture,magenta
Let me see the farming areas green,agriculture,green
Let me see the farming areas blue,agriculture,blue
Let me see the farming areas white,agriculture,white
Let me see the farming areas,agriculture,None
Let me see the crops cyan,agriculture,cyan
Let me see the crops yellow,agriculture,yellow
Let me see the crops magenta,agriculture,magenta
Let me see the crops green,agriculture,green
Let me see the crops blue,agriculture,blue
Let me see the crops white,agriculture,white
Let me see the crops,agriculture,None
Let me see the rangeland cyan,rangeland,cyan
Let me see the rangeland yellow,rangeland,yellow
Let me see the rangeland magenta,rangeland,magenta
Let me see the rangeland green,rangeland,green
Let me see the rangeland blue,rangeland,blue
Let me see the rangeland white,rangeland,white
Let me see the rangeland,rangeland,None
Let me see the grassland cyan,rangeland,cyan
Let me see the grassland yellow,rangeland,yellow
Let me see the grassland magenta,rangeland,magenta
Let me see the grassland green,rangeland,green
Let me see the grassland blue,rangeland,blue
Let me see the grassland white,rangeland,white
Let me see the grassland,rangeland,None
Let me see the pastures cyan,rangeland,cyan
Let me see the pastures yellow,rangeland,yellow
Let me see the pastures magenta,rangeland,magenta
Let me see the pastures green,rangeland,green
Let me see the pastures blue,rangeland,blue
Let me see the pastures white,rangeland,white
Let me see the pastures,rangeland,None
Let me see the grazing areas cyan,rangeland,cyan
Let me see the grazing areas yellow,rangeland,yellow
Let me see the grazing areas magenta,rangeland,magenta
Let me see the grazing areas green,rangeland,green
Let me see the grazing areas blue,rangeland,blue
Let me see the grazing areas white,rangeland,white
Let me see the grazing areas,rangeland,None
Let me see the meadows cyan,rangeland,cyan
Let me see the meadows yellow,rangeland,yellow
Let me see the meadows magenta,rangeland,magenta
Let me see the meadows green,rangeland,green
Let me see the meadows blue,rangeland,blue
Let me see the meadows white,rangeland,white
Let me see the meadows,rangeland,None
Let me see the forest cyan,forest,cyan
Let me see the forest yellow,forest,yellow
Let me see the forest magenta,forest,magenta
Let me see the forest green,forest,green
Let me see the forest blue,forest,blue
Let me see the forest white,forest,white
Let me see the forest,forest,None
Let me see the forests cyan,forest,cyan
Let me see the forests yellow,forest,yellow
Let me see the forests magenta,forest,magenta
Let me see the forests green,forest,green
Let me see the forests blue,forest,blue
Let me see the forests white,forest,white
Let me see the forests,forest,None
Let me see the forested areas cyan,forest,cyan
Let me see the forested areas yellow,forest,yellow
Let me see the forested areas magenta,forest,magenta
Let me see the forested areas green,forest,green
Let me see the forested areas blue,forest,blue
Let me see the forested areas white,forest,white
Let me see the forested areas,forest,None
Let me see the woodland cyan,forest,cyan
Let me see the woodland yellow,forest,yellow
Let me see the woodland magenta,forest,magenta
Let me see the woodland green,forest,green
Let me see the woodland blue,forest,blue
Let me see the woodland white,forest,white
Let me see the woodland,forest,None
Let me see the forest regions cyan,forest,cyan
Let me see the forest regions yellow,forest,yellow
Let me see the forest regions magenta,forest,magenta
Let me see the forest regions green,forest,green
Let me see the forest regions blue,forest,blue
Let me see the forest regions white,forest,white
Let me see the forest regions,forest,None
Let me see the water cyan,water,cyan
Let me see the water yellow,water,yellow
Let me see the water magenta,water,magenta
Let me see the water green,water,green
Let me see the water blue,water,blue
Let me see the water white,water,white
Let me see the water,water,None
Let me see the water bodies cyan,water,cyan
Let me see the water bodies yellow,water,yellow
Let me see the water bodies magenta,water,magenta
Let me see the water bodies green,water,green
Let me see the water bodies blue,water,blue
Let me see the water bodies white,water,white
Let me see the water bodies,water,None
Let me see the lakes cyan,water,cyan
Let me see the lakes yellow,water,yellow
Let me see the lakes magenta,water,magenta
Let me see the lakes green,water,green
Let me see the lakes blue,water,blue
Let me see the lakes white,water,white
Let me see the lakes,water,None
Let me see the rivers cyan,water,cyan
Let me see the rivers yellow,water,yellow
Let me see the rivers magenta,water,magenta
Let me see the rivers green,water,green
Let me see the rivers blue,water,blue
Let me see the rivers white,water,white
Let me see the rivers,water,None
Let me see the water areas cyan,water,cyan
Let me see the water areas yellow,water,yellow
Let me see the water areas magenta,water,magenta
Let me see the water areas green,water,green
Let me see the water areas blue,water,blue
Let me see the water areas white,water,white
Let me see the water areas,water,None
Let me see the barren cyan,barren,cyan
Let me see the barren yellow,barren,yellow
Let me see the barren magenta,barren,magenta
Let me see the barren green,barren,green
Let me see the barren blue,barren,blue
Let me see the barren white,barren,white
Let me see the barren,barren,None
Let me see the desert cyan,barren,cyan
Let me see the desert yellow,barren,yellow
Let me see the desert magenta,barren,magenta
Let me see the desert green,barren,green
Let me see the desert blue,barren,blue
Let me see the desert white,barren,white
Let me see the desert,barren,None
Let me see the arid land cyan,barren,cyan
Let me see the arid land yellow,barren,yellow
Let me see the arid land magenta,barren,magenta
Let me see the arid land green,barren,green
Let me see the arid land blue,barren,blue
Let me see the arid land white,barren,white
Let me see the arid land,barren,None
Let me see the barren areas cyan,barren,cyan
Let me see the barren areas yellow,barren,yellow
Let me see the barren areas magenta,barren,magenta
Let me see the barren areas green,barren,green
Let me see the barren areas blue,barren,blue
Let me see the barren areas white,barren,white
Let me see the barren areas,barren,None
Let me see the wasteland cyan,barren,cyan
Let me see the wasteland yellow,barren,yellow
Let me see the wasteland magenta,barren,magenta
Let me see the wasteland green,barren,green
Let me see the wasteland blue,barren,blue
Let me see the wasteland white,barren,white
Let me see the wasteland,barren,None
Identify the urban cyan,urban,cyan
Identify the urban yellow,urban,yellow
Identify the urban magenta,urban,magenta
Identify the urban green,urban,green
Identify the urban blue,urban,blue
Identify the urban white,urban,white
Identify the urban,urban,None
Identify the urbans cyan,urban,cyan
Identify the urbans yellow,urban,yellow
Identify the urbans magenta,urban,magenta
Identify the urbans green,urban,green
Identify the urbans blue,urban,blue
Identify the urbans white,urban,white
Identify the urbans,urban,None
Identify the urban areas cyan,urban,cyan
Identify the urban areas yellow,urban,yellow
Identify the urban areas magenta,urban,magenta
Identify the urban areas green,urban,green
Identify the urban areas blue,urban,blue
Identify the urban areas white,urban,white
Identify the urban areas,urban,None
Identify the cities cyan,urban,cyan
Identify the cities yellow,urban,yellow
Identify the cities magenta,urban,magenta
Identify the cities green,urban,green
Identify the cities blue,urban,blue
Identify the cities white,urban,white
Identify the cities,urban,None
Identify the city areas cyan,urban,cyan
Identify the city areas yellow,urban,yellow
Identify the city areas magenta,urban,magenta
Identify the city areas green,urban,green
Identify the city areas blue,urban,blue
Identify the city areas white,urban,white
Identify the city areas,urban,None
Identify the urban regions cyan,urban,cyan
Identify the urban regions yellow,urban,yellow
Identify the urban regions magenta,urban,magenta
Identify the urban regions green,urban,green
Identify the urban regions blue,urban,blue
Identify the urban regions white,urban,white
Identify the urban regions,urban,None
Identify the agriculture cyan,agriculture,cyan
Identify the agriculture yellow,agriculture,yellow
Identify the agriculture magenta,agriculture,magenta
Identify the agriculture green,agriculture,green
Identify the agriculture blue,agriculture,blue
Identify the agriculture white,agriculture,white
Identify the agriculture,agriculture,None
Identify the agricultures cyan,agriculture,cyan
Identify the agricultures yellow,agriculture,yellow
Identify the agricultures magenta,agriculture,magenta
Identify the agricultures green,agriculture,green
Identify the agricultures blue,agriculture,blue
Identify the agricultures white,agriculture,white
Identify the agricultures,agriculture,None
Identify the farm cyan,agriculture,cyan
Identify the farm yellow,agriculture,yellow
Identify the farm magenta,agriculture,magenta
Identify the farm green,agriculture,green
Identify the farm blue,agriculture,blue
Identify the farm white,agriculture,white
Identify the farm,agriculture,None
Identify the agricultural areas cyan,agriculture,cyan
Identify the agricultural areas yellow,agriculture,yellow
Identify the agricultural areas magenta,agriculture,magenta
Identify the agricultural areas green,agriculture,green
Identify the agricultural areas blue,agriculture,blue
Identify the agricultural areas white,agriculture,white
Identify the agricultural areas,agriculture,None
Identify the farmland cyan,agriculture,cyan
Identify the farmland yellow,agriculture,yellow
Identify the farmland magenta,agriculture,magenta
Identify the farmland green,agriculture,green
Identify the farmland blue,agriculture,blue
Identify the farmland white,agriculture,white
Identify the farmland,agriculture,None
Identify the farming areas cyan,agriculture,cyan
Identify the farming areas yellow,agriculture,yellow
Identify the farming areas magenta,agriculture,magenta
Identify the farming areas green,agriculture,green
Identify the farming areas blue,agriculture,blue
Identify the farming areas white,agriculture,white
Identify the farming areas,agriculture,None
Identify the crops cyan,agriculture,cyan
Identify the crops yellow,agriculture,yellow
Identify the crops magenta,agriculture,magenta
Identify the crops green,agriculture,green
Identify the crops blue,agriculture,blue
Identify the crops white,agriculture,white
Identify the crops,agriculture,None
Identify the rangeland cyan,rangeland,cyan
Identify the rangeland yellow,rangeland,yellow
Identify the rangeland magenta,rangeland,magenta
Identify the rangeland green,rangeland,green
Identify the rangeland blue,rangeland,blue
Identify the rangeland white,rangeland,white
Identify the rangeland,rangeland,None
Identify the grassland cyan,rangeland,cyan
Identify the grassland yellow,rangeland,yellow
Identify the grassland magenta,rangeland,magenta
Identify the grassland green,rangeland,green
Identify the grassland blue,rangeland,blue
Identify the grassland white,rangeland,white
Identify the grassland,rangeland,None
Identify the pastures cyan,rangeland,cyan
Identify the pastures yellow,rangeland,yellow
Identify the pastures magenta,rangeland,magenta
Identify the pastures green,rangeland,green
Identify the pastures blue,rangeland,blue
Identify the pastures white,rangeland,white
Identify the pastures,rangeland,None
Identify the grazing areas cyan,rangeland,cyan
Identify the grazing areas yellow,rangeland,yellow
Identify the grazing areas magenta,rangeland,magenta
Identify the grazing areas green,rangeland,green
Identify the grazing areas blue,rangeland,blue
Identify the grazing areas white,rangeland,white
Identify the grazing areas,rangeland,None
Identify the meadows cyan,rangeland,cyan
Identify the meadows yellow,rangeland,yellow
Identify the meadows magenta,rangeland,magenta
Identify the meadows green,rangeland,green
Identify the meadows blue,rangeland,blue
Identify the meadows white,rangeland,white
Identify the meadows,rangeland,None
Identify the forest cyan,forest,cyan
Identify the forest yellow,forest,yellow
Identify the forest magenta,forest,magenta
Identify the forest green,forest,green
Identify the forest blue,forest,blue
Identify the forest white,forest,white
Identify the forest,forest,None
Identify the forests cyan,forest,cyan
Identify the forests yellow,forest,yellow
Identify the forests magenta,forest,magenta
Identify the forests green,forest,green
Identify the forests blue,forest,blue
Identify the forests white,forest,white
Identify the forests,forest,None
Identify the forested areas cyan,forest,cyan
Identify the forested areas yellow,forest,yellow
Identify the forested areas magenta,forest,magenta
Identify the forested areas green,forest,green
Identify the forested areas blue,forest,blue
Identify the forested areas white,forest,white
Identify the forested areas,forest,None
Identify the woodland cyan,forest,cyan
Identify the woodland yellow,forest,yellow
Identify the woodland magenta,forest,magenta
Identify the woodland green,forest,green
Identify the woodland blue,forest,blue
Identify the woodland white,forest,white
Identify the woodland,forest,None
Identify the forest regions cyan,forest,cyan
Identify the forest regions yellow,forest,yellow
Identify the forest regions magenta,forest,magenta
Identify the forest regions green,forest,green
Identify the forest regions blue,forest,blue
Identify the forest regions white,forest,white
Identify the forest regions,forest,None
Identify the water cyan,water,cyan
Identify the water yellow,water,yellow
Identify the water magenta,water,magenta
Identify the water green,water,green
Identify the water blue,water,blue
Identify the water white,water,white
Identify the water,water,None
Identify the water bodies cyan,water,cyan
Identify the water bodies yellow,water,yellow
Identify the water bodies magenta,water,magenta
Identify the water bodies green,water,green
Identify the water bodies blue,water,blue
Identify the water bodies white,water,white
Identify the water bodies,water,None
Identify the lakes cyan,water,cyan
Identify the lakes yellow,water,yellow
Identify the lakes magenta,water,magenta
Identify the lakes green,water,green
Identify the lakes blue,water,blue
Identify the lakes white,water,white
Identify the lakes,water,None
Identify the rivers cyan,water,cyan
Identify the rivers yellow,water,yellow
Identify the rivers magenta,water,magenta
Identify the rivers green,water,green
Identify the rivers blue,water,blue
Identify the rivers white,water,white
Identify the rivers,water,None
Identify the water areas cyan,water,cyan
Identify the water areas yellow,water,yellow
Identify the water areas magenta,water,magenta
Identify the water areas green,water,green
Identify the water areas blue,water,blue
Identify the water areas white,water,white
Identify the water areas,water,None
Identify the barren cyan,barren,cyan
Identify the barren yellow,barren,yellow
Identify the barren magenta,barren,magenta
Identify the barren green,barren,green
Identify the barren blue,barren,blue
Identify the barren white,barren,white
Identify the barren,barren,None
Identify the desert cyan,barren,cyan
Identify the desert yellow,barren,yellow
Identify the desert magenta,barren,magenta
Identify the desert green,barren,green
Identify the desert blue,barren,blue
Identify the desert white,barren,white
Identify the desert,barren,None
Identify the arid land cyan,barren,cyan
Identify the arid land yellow,barren,yellow
Identify the arid land magenta,barren,magenta
Identify the arid land green,barren,green
Identify the arid land blue,barren,blue
Identify the arid land white,barren,white
Identify the arid land,barren,None
Identify the barren areas cyan,barren,cyan
Identify the barren areas yellow,barren,yellow
Identify the barren areas magenta,barren,magenta
Identify the barren areas green,barren,green
Identify the barren areas blue,barren,blue
Identify the barren areas white,barren,white
Identify the barren areas,barren,None
Identify the wasteland cyan,barren,cyan
Identify the wasteland yellow,barren,yellow
Identify the wasteland magenta,barren,magenta
Identify the wasteland green,barren,green
Identify the wasteland blue,barren,blue
Identify the wasteland white,barren,white
Identify the wasteland,barren,None
Indicate the urban cyan,urban,cyan
Indicate the urban yellow,urban,yellow
Indicate the urban magenta,urban,magenta
Indicate the urban green,urban,green
Indicate the urban blue,urban,blue
Indicate the urban white,urban,white
Indicate the urban,urban,None
Indicate the urbans cyan,urban,cyan
Indicate the urbans yellow,urban,yellow
Indicate the urbans magenta,urban,magenta
Indicate the urbans green,urban,green
Indicate the urbans blue,urban,blue
Indicate the urbans white,urban,white
Indicate the urbans,urban,None
Indicate the urban areas cyan,urban,cyan
Indicate the urban areas yellow,urban,yellow
Indicate the urban areas magenta,urban,magenta
Indicate the urban areas green,urban,green
Indicate the urban areas blue,urban,blue
Indicate the urban areas white,urban,white
Indicate the urban areas,urban,None
Indicate the cities cyan,urban,cyan
Indicate the cities yellow,urban,yellow
Indicate the cities magenta,urban,magenta
Indicate the cities green,urban,green
Indicate the cities blue,urban,blue
Indicate the cities white,urban,white
Indicate the cities,urban,None
Indicate the city areas cyan,urban,cyan
Indicate the city areas yellow,urban,yellow
Indicate the city areas magenta,urban,magenta
Indicate the city areas green,urban,green
Indicate the city areas blue,urban,blue
Indicate the city areas white,urban,white
Indicate the city areas,urban,None
Indicate the urban regions cyan,urban,cyan
Indicate the urban regions yellow,urban,yellow
Indicate the urban regions magenta,urban,magenta
Indicate the urban regions green,urban,green
Indicate the urban regions blue,urban,blue
Indicate the urban regions white,urban,white
Indicate the urban regions,urban,None
Indicate the agriculture cyan,agriculture,cyan
Indicate the agriculture yellow,agriculture,yellow
Indicate the agriculture magenta,agriculture,magenta
Indicate the agriculture green,agriculture,green
Indicate the agriculture blue,agriculture,blue
Indicate the agriculture white,agriculture,white
Indicate the agriculture,agriculture,None
Indicate the agricultures cyan,agriculture,cyan
Indicate the agricultures yellow,agriculture,yellow
Indicate the agricultures magenta,agriculture,magenta
Indicate the agricultures green,agriculture,green
Indicate the agricultures blue,agriculture,blue
Indicate the agricultures white,agriculture,white
Indicate the agricultures,agriculture,None
Indicate the farm cyan,agriculture,cyan
Indicate the farm yellow,agriculture,yellow
Indicate the farm magenta,agriculture,magenta
Indicate the farm green,agriculture,green
Indicate the farm blue,agriculture,blue
Indicate the farm white,agriculture,white
Indicate the farm,agriculture,None
Indicate the agricultural areas cyan,agriculture,cyan
Indicate the agricultural areas yellow,agriculture,yellow
Indicate the agricultural areas magenta,agriculture,magenta
Indicate the agricultural areas green,agriculture,green
Indicate the agricultural areas blue,agriculture,blue
Indicate the agricultural areas white,agriculture,white
Indicate the agricultural areas,agriculture,None
Indicate the farmland cyan,agriculture,cyan
Indicate the farmland yellow,agriculture,yellow
Indicate the farmland magenta,agriculture,magenta
Indicate the farmland green,agriculture,green
Indicate the farmland blue,agriculture,blue
Indicate the farmland white,agriculture,white
Indicate the farmland,agriculture,None
Indicate the farming areas cyan,agriculture,cyan
Indicate the farming areas yellow,agriculture,yellow
Indicate the farming areas magenta,agriculture,magenta
Indicate the farming areas green,agriculture,green
Indicate the farming areas blue,agriculture,blue
Indicate the farming areas white,agriculture,white
Indicate the farming areas,agriculture,None
Indicate the crops cyan,agriculture,cyan
Indicate the crops yellow,agriculture,yellow
Indicate the crops magenta,agriculture,magenta
Indicate the crops green,agriculture,green
Indicate the crops blue,agriculture,blue
Indicate the crops white,agriculture,white
Indicate the crops,agriculture,None
Indicate the rangeland cyan,rangeland,cyan
Indicate the rangeland yellow,rangeland,yellow
Indicate the rangeland magenta,rangeland,magenta
Indicate the rangeland green,rangeland,green
Indicate the rangeland blue,rangeland,blue
Indicate the rangeland white,rangeland,white
Indicate the rangeland,rangeland,None
Indicate the grassland cyan,rangeland,cyan
Indicate the grassland yellow,rangeland,yellow
Indicate the grassland magenta,rangeland,magenta
Indicate the grassland green,rangeland,green
Indicate the grassland blue,rangeland,blue
Indicate the grassland white,rangeland,white
Indicate the grassland,rangeland,None
Indicate the pastures cyan,rangeland,cyan
Indicate the pastures yellow,rangeland,yellow
Indicate the pastures magenta,rangeland,magenta
Indicate the pastures green,rangeland,green
Indicate the pastures blue,rangeland,blue
Indicate the pastures white,rangeland,white
Indicate the pastures,rangeland,None
Indicate the grazing areas cyan,rangeland,cyan
Indicate the grazing areas yellow,rangeland,yellow
Indicate the grazing areas magenta,rangeland,magenta
Indicate the grazing areas green,rangeland,green
Indicate the grazing areas blue,rangeland,blue
Indicate the grazing areas white,rangeland,white
Indicate the grazing areas,rangeland,None
Indicate the meadows cyan,rangeland,cyan
Indicate the meadows yellow,rangeland,yellow
Indicate the meadows magenta,rangeland,magenta
Indicate the meadows green,rangeland,green
Indicate the meadows blue,rangeland,blue
Indicate the meadows white,rangeland,white
Indicate the meadows,rangeland,None
Indicate the forest cyan,forest,cyan
Indicate the forest yellow,forest,yellow
Indicate the forest magenta,forest,magenta
Indicate the forest green,forest,green
Indicate the forest blue,forest,blue
Indicate the forest white,forest,white
Indicate the forest,forest,None
Indicate the forests cyan,forest,cyan
Indicate the forests yellow,forest,yellow
Indicate the forests magenta,forest,magenta
Indicate the forests green,forest,green
Indicate the forests blue,forest,blue
Indicate the forests white,forest,white
Indicate the forests,forest,None
Indicate the forested areas cyan,forest,cyan
Indicate the forested areas yellow,forest,yellow
Indicate the forested areas magenta,forest,magenta
Indicate the forested areas green,forest,green
Indicate the forested areas blue,forest,blue
Indicate the forested areas white,forest,white
Indicate the forested areas,forest,None
Indicate the woodland cyan,forest,cyan
Indicate the woodland yellow,forest,yellow
Indicate the woodland magenta,forest,magenta
Indicate the woodland green,forest,green
Indicate the woodland blue,forest,blue
Indicate the woodland white,forest,white
Indicate the woodland,forest,None
Indicate the forest regions cyan,forest,cyan
Indicate the forest regions yellow,forest,yellow
Indicate the forest regions magenta,forest,magenta
Indicate the forest regions green,forest,green
Indicate the forest regions blue,forest,blue
Indicate the forest regions white,forest,white
Indicate the forest regions,forest,None
Indicate the water cyan,water,cyan
Indicate the water yellow,water,yellow
Indicate the water magenta,water,magenta
Indicate the water green,water,green
Indicate the water blue,water,blue
Indicate the water white,water,white
Indicate the water,water,None
Indicate the water bodies cyan,water,cyan
Indicate the water bodies yellow,water,yellow
Indicate the water bodies magenta,water,magenta
Indicate the water bodies green,water,green
Indicate the water bodies blue,water,blue
Indicate the water bodies white,water,white
Indicate the water bodies,water,None
Indicate the lakes cyan,water,cyan
Indicate the lakes yellow,water,yellow
Indicate the lakes magenta,water,magenta
Indicate the lakes green,water,green
Indicate the lakes blue,water,blue
Indicate the lakes white,water,white
Indicate the lakes,water,None
Indicate the rivers cyan,water,cyan
Indicate the rivers yellow,water,yellow
Indicate the rivers magenta,water,magenta
Indicate the rivers green,water,green
Indicate the rivers blue,water,blue
Indicate the rivers white,water,white
Indicate the rivers,water,None
Indicate the water areas cyan,water,cyan
Indicate the water areas yellow,water,yellow
Indicate the water areas magenta,water,magenta
Indicate the water areas green,water,green
Indicate the water areas blue,water,blue
Indicate the water areas white,water,white
Indicate the water areas,water,None
Indicate the barren cyan,barren,cyan
Indicate the barren yellow,barren,yellow
Indicate the barren magenta,barren,magenta
Indicate the barren green,barren,green
Indicate the barren blue,barren,blue
Indicate the barren white,barren,white
Indicate the barren,barren,None
Indicate the desert cyan,barren,cyan
Indicate the desert yellow,barren,yellow
Indicate the desert magenta,barren,magenta
Indicate the desert green,barren,green
Indicate the desert blue,barren,blue
Indicate the desert white,barren,white
Indicate the desert,barren,None
Indicate the arid land cyan,barren,cyan
Indicate the arid land yellow,barren,yellow
Indicate the arid land magenta,barren,magenta
Indicate the arid land green,barren,green
Indicate the arid land blue,barren,blue
Indicate the arid land white,barren,white
Indicate the arid land,barren,None
Indicate the barren areas cyan,barren,cyan
Indicate the barren areas yellow,barren,yellow
Indicate the barren areas magenta,barren,magenta
Indicate the barren areas green,barren,green
Indicate the barren areas blue,barren,blue
Indicate the barren areas white,barren,white
Indicate the barren areas,barren,None
Indicate the wasteland cyan,barren,cyan
Indicate the wasteland yellow,barren,yellow
Indicate the wasteland magenta,barren,magenta
Indicate the wasteland green,barren,green
Indicate the wasteland blue,barren,blue
Indicate the wasteland white,barren,white
Indicate the wasteland,barren,None
Look for the urban cyan,urban,cyan
Look for the urban yellow,urban,yellow
Look for the urban magenta,urban,magenta
Look for the urban green,urban,green
Look for the urban blue,urban,blue
Look for the urban white,urban,white
Look for the urban,urban,None
Look for the urbans cyan,urban,cyan
Look for the urbans yellow,urban,yellow
Look for the urbans magenta,urban,magenta
Look for the urbans green,urban,green
Look for the urbans blue,urban,blue
Look for the urbans white,urban,white
Look for the urbans,urban,None
Look for the urban areas cyan,urban,cyan
Look for the urban areas yellow,urban,yellow
Look for the urban areas magenta,urban,magenta
Look for the urban areas green,urban,green
Look for the urban areas blue,urban,blue
Look for the urban areas white,urban,white
Look for the urban areas,urban,None
Look for the cities cyan,urban,cyan
Look for the cities yellow,urban,yellow
Look for the cities magenta,urban,magenta
Look for the cities green,urban,green
Look for the cities blue,urban,blue
Look for the cities white,urban,white
Look for the cities,urban,None
Look for the city areas cyan,urban,cyan
Look for the city areas yellow,urban,yellow
Look for the city areas magenta,urban,magenta
Look for the city areas green,urban,green
Look for the city areas blue,urban,blue
Look for the city areas white,urban,white
Look for the city areas,urban,None
Look for the urban regions cyan,urban,cyan
Look for the urban regions yellow,urban,yellow
Look for the urban regions magenta,urban,magenta
Look for the urban regions green,urban,green
Look for the urban regions blue,urban,blue
Look for the urban regions white,urban,white
Look for the urban regions,urban,None
Look for the agriculture cyan,agriculture,cyan
Look for the agriculture yellow,agriculture,yellow
Look for the agriculture magenta,agriculture,magenta
Look for the agriculture green,agriculture,green
Look for the agriculture blue,agriculture,blue
Look for the agriculture white,agriculture,white
Look for the agriculture,agriculture,None
Look for the agricultures cyan,agriculture,cyan
Look for the agricultures yellow,agriculture,yellow
Look for the agricultures magenta,agriculture,magenta
Look for the agricultures green,agriculture,green
Look for the agricultures blue,agriculture,blue
Look for the agricultures white,agriculture,white
Look for the agricultures,agriculture,None
Look for the farm cyan,agriculture,cyan
Look for the farm yellow,agriculture,yellow
Look for the farm magenta,agriculture,magenta
Look for the farm green,agriculture,green
Look for the farm blue,agriculture,blue
Look for the farm white,agriculture,white
Look for the farm,agriculture,None
Look for the agricultural areas cyan,agriculture,cyan
Look for the agricultural areas yellow,agriculture,yellow
Look for the agricultural areas magenta,agriculture,magenta
Look for the agricultural areas green,agriculture,green
Look for the agricultural areas blue,agriculture,blue
Look for the agricultural areas white,agriculture,white
Look for the agricultural areas,agriculture,None
Look for the farmland cyan,agriculture,cyan
Look for the farmland yellow,agriculture,yellow
Look for the farmland magenta,agriculture,magenta
Look for the farmland green,agriculture,green
Look for the farmland blue,agriculture,blue
Look for the farmland white,agriculture,white
Look for the farmland,agriculture,None
Look for the farming areas cyan,agriculture,cyan
Look for the farming areas yellow,agriculture,yellow
Look for the farming areas magenta,agriculture,magenta
Look for the farming areas green,agriculture,green
Look for the farming areas blue,agriculture,blue
Look for the farming areas white,agriculture,white
Look for the farming areas,agriculture,None
Look for the crops cyan,agriculture,cyan
Look for the crops yellow,agriculture,yellow
Look for the crops magenta,agriculture,magenta
Look for the crops green,agriculture,green
Look for the crops blue,agriculture,blue
Look for the crops white,agriculture,white
Look for the crops,agriculture,None
Look for the rangeland cyan,rangeland,cyan
Look for the rangeland yellow,rangeland,yellow
Look for the rangeland magenta,rangeland,magenta
Look for the rangeland green,rangeland,green
Look for the rangeland blue,rangeland,blue
Look for the rangeland white,rangeland,white
Look for the rangeland,rangeland,None
Look for the grassland cyan,rangeland,cyan
Look for the grassland yellow,rangeland,yellow
Look for the grassland magenta,rangeland,magenta
Look for the grassland green,rangeland,green
Look for the grassland blue,rangeland,blue
Look for the grassland white,rangeland,white
Look for the grassland,rangeland,None
Look for the pastures cyan,rangeland,cyan
Look for the pastures yellow,rangeland,yellow
Look for the pastures magenta,rangeland,magenta
Look for the pastures green,rangeland,green
Look for the pastures blue,rangeland,blue
Look for the pastures white,rangeland,white
Look for the pastures,rangeland,None
Look for the grazing areas cyan,rangeland,cyan
Look for the grazing areas yellow,rangeland,yellow
Look for the grazing areas magenta,rangeland,magenta
Look for the grazing areas green,rangeland,green
Look for the grazing areas blue,rangeland,blue
Look for the grazing areas white,rangeland,white
Look for the grazing areas,rangeland,None
Look for the meadows cyan,rangeland,cyan
Look for the meadows yellow,rangeland,yellow
Look for the meadows magenta,rangeland,magenta
Look for the meadows green,rangeland,green
Look for the meadows blue,rangeland,blue
Look for the meadows white,rangeland,white
Look for the meadows,rangeland,None
Look for the forest cyan,forest,cyan
Look for the forest yellow,forest,yellow
Look for the forest magenta,forest,magenta
Look for the forest green,forest,green
Look for the forest blue,forest,blue
Look for the forest white,forest,white
Look for the forest,forest,None
Look for the forests cyan,forest,cyan
Look for the forests yellow,forest,yellow
Look for the forests magenta,forest,magenta
Look for the forests green,forest,green
Look for the forests blue,forest,blue
Look for the forests white,forest,white
Look for the forests,forest,None
Look for the forested areas cyan,forest,cyan
Look for the forested areas yellow,forest,yellow
Look for the forested areas magenta,forest,magenta
Look for the forested areas green,forest,green
Look for the forested areas blue,forest,blue
Look for the forested areas white,forest,white
Look for the forested areas,forest,None
Look for the woodland cyan,forest,cyan
Look for the woodland yellow,forest,yellow
Look for the woodland magenta,forest,magenta
Look for the woodland green,forest,green
Look for the woodland blue,forest,blue
Look for the woodland white,forest,white
Look for the woodland,forest,None
Look for the forest regions cyan,forest,cyan
Look for the forest regions yellow,forest,yellow
Look for the forest regions magenta,forest,magenta
Look for the forest regions green,forest,green
Look for the forest regions blue,forest,blue
Look for the forest regions white,forest,white
Look for the forest regions,forest,None
Look for the water cyan,water,cyan
Look for the water yellow,water,yellow
Look for the water magenta,water,magenta
Look for the water green,water,green
Look for the water blue,water,blue
Look for the water white,water,white
Look for the water,water,None
Look for the water bodies cyan,water,cyan
Look for the water bodies yellow,water,yellow
Look for the water bodies magenta,water,magenta
Look for the water bodies green,water,green
Look for the water bodies blue,water,blue
Look for the water bodies white,water,white
Look for the water bodies,water,None
Look for the lakes cyan,water,cyan
Look for the lakes yellow,water,yellow
Look for the lakes magenta,water,magenta
Look for the lakes green,water,green
Look for the lakes blue,water,blue
Look for the lakes white,water,white
Look for the lakes,water,None
Look for the rivers cyan,water,cyan
Look for the rivers yellow,water,yellow
Look for the rivers magenta,water,magenta
Look for the rivers green,water,green
Look for the rivers blue,water,blue
Look for the rivers white,water,white
Look for the rivers,water,None
Look for the water areas cyan,water,cyan
Look for the water areas yellow,water,yellow
Look for the water areas magenta,water,magenta
Look for the water areas green,water,green
Look for the water areas blue,water,blue
Look for the water areas white,water,white
Look for the water areas,water,None
Look for the barren cyan,barren,cyan
Look for the barren yellow,barren,yellow
Look for the barren magenta,barren,magenta
Look for the barren green,barren,green
Look for the barren blue,barren,blue
Look for the barren white,barren,white
Look for the barren,barren,None
Look for the desert cyan,barren,cyan
Look for the desert yellow,barren,yellow
Look for the desert magenta,barren,magenta
Look for the desert green,barren,green
Look for the desert blue,barren,blue
Look for the desert white,barren,white
Look for the desert,barren,None
Look for the arid land cyan,barren,cyan
Look for the arid land yellow,barren,yellow
Look for the arid land magenta,barren,magenta
Look for the arid land green,barren,green
Look for the arid land blue,barren,blue
Look for the arid land white,barren,white
Look for the arid land,barren,None
Look for the barren areas cyan,barren,cyan
Look for the barren areas yellow,barren,yellow
Look for the barren areas magenta,barren,magenta
Look for the barren areas green,barren,green
Look for the barren areas blue,barren,blue
Look for the barren areas white,barren,white
Look for the barren areas,barren,None
Look for the wasteland cyan,barren,cyan
Look for the wasteland yellow,barren,yellow
Look for the wasteland magenta,barren,magenta
Look for the wasteland green,barren,green
Look for the wasteland blue,barren,blue
Look for the wasteland white,barren,white
Look for the wasteland,barren,None
Find the urban cyan,urban,cyan
Find the urban yellow,urban,yellow
Find the urban magenta,urban,magenta
Find the urban green,urban,green
Find the urban blue,urban,blue
Find the urban white,urban,white
Find the urban,urban,None
Find the urbans cyan,urban,cyan
Find the urbans yellow,urban,yellow
Find the urbans magenta,urban,magenta
Find the urbans green,urban,green
Find the urbans blue,urban,blue
Find the urbans white,urban,white
Find the urbans,urban,None
Find the urban areas cyan,urban,cyan
Find the urban areas yellow,urban,yellow
Find the urban areas magenta,urban,magenta
Find the urban areas green,urban,green
Find the urban areas blue,urban,blue
Find the urban areas white,urban,white
Find the urban areas,urban,None
Find the cities cyan,urban,cyan
Find the cities yellow,urban,yellow
Find the cities magenta,urban,magenta
Find the cities green,urban,green
Find the cities blue,urban,blue
Find the cities white,urban,white
Find the cities,urban,None
Find the city areas cyan,urban,cyan
Find the city areas yellow,urban,yellow
Find the city areas magenta,urban,magenta
Find the city areas green,urban,green
Find the city areas blue,urban,blue
Find the city areas white,urban,white
Find the city areas,urban,None
Find the urban regions cyan,urban,cyan
Find the urban regions yellow,urban,yellow
Find the urban regions magenta,urban,magenta
Find the urban regions green,urban,green
Find the urban regions blue,urban,blue
Find the urban regions white,urban,white
Find the urban regions,urban,None
Find the agriculture cyan,agriculture,cyan
Find the agriculture yellow,agriculture,yellow
Find the agriculture magenta,agriculture,magenta
Find the agriculture green,agriculture,green
Find the agriculture blue,agriculture,blue
Find the agriculture white,agriculture,white
Find the agriculture,agriculture,None
Find the agricultures cyan,agriculture,cyan
Find the agricultures yellow,agriculture,yellow
Find the agricultures magenta,agriculture,magenta
Find the agricultures green,agriculture,green
Find the agricultures blue,agriculture,blue
Find the agricultures white,agriculture,white
Find the agricultures,agriculture,None
Find the farm cyan,agriculture,cyan
Find the farm yellow,agriculture,yellow
Find the farm magenta,agriculture,magenta
Find the farm green,agriculture,green
Find the farm blue,agriculture,blue
Find the farm white,agriculture,white
Find the farm,agriculture,None
Find the agricultural areas cyan,agriculture,cyan
Find the agricultural areas yellow,agriculture,yellow
Find the agricultural areas magenta,agriculture,magenta
Find the agricultural areas green,agriculture,green
Find the agricultural areas blue,agriculture,blue
Find the agricultural areas white,agriculture,white
Find the agricultural areas,agriculture,None
Find the farmland cyan,agriculture,cyan
Find the farmland yellow,agriculture,yellow
Find the farmland magenta,agriculture,magenta
Find the farmland green,agriculture,green
Find the farmland blue,agriculture,blue
Find the farmland white,agriculture,white
Find the farmland,agriculture,None
Find the farming areas cyan,agriculture,cyan
Find the farming areas yellow,agriculture,yellow
Find the farming areas magenta,agriculture,magenta
Find the farming areas green,agriculture,green
Find the farming areas blue,agriculture,blue
Find the farming areas white,agriculture,white
Find the farming areas,agriculture,None
Find the crops cyan,agriculture,cyan
Find the crops yellow,agriculture,yellow
Find the crops magenta,agriculture,magenta
Find the crops green,agriculture,green
Find the crops blue,agriculture,blue
Find the crops white,agriculture,white
Find the crops,agriculture,None
Find the rangeland cyan,rangeland,cyan
Find the rangeland yellow,rangeland,yellow
Find the rangeland magenta,rangeland,magenta
Find the rangeland green,rangeland,green
Find the rangeland blue,rangeland,blue
Find the rangeland white,rangeland,white
Find the rangeland,rangeland,None
Find the grassland cyan,rangeland,cyan
Find the grassland yellow,rangeland,yellow
Find the grassland magenta,rangeland,magenta
Find the grassland green,rangeland,green
Find the grassland blue,rangeland,blue
Find the grassland white,rangeland,white
Find the grassland,rangeland,None
Find the pastures cyan,rangeland,cyan
Find the pastures yellow,rangeland,yellow
Find the pastures magenta,rangeland,magenta
Find the pastures green,rangeland,green
Find the pastures blue,rangeland,blue
Find the pastures white,rangeland,white
Find the pastures,rangeland,None
Find the grazing areas cyan,rangeland,cyan
Find the grazing areas yellow,rangeland,yellow
Find the grazing areas magenta,rangeland,magenta
Find the grazing areas green,rangeland,green
Find the grazing areas blue,rangeland,blue
Find the grazing areas white,rangeland,white
Find the grazing areas,rangeland,None
Find the meadows cyan,rangeland,cyan
Find the meadows yellow,rangeland,yellow
Find the meadows magenta,rangeland,magenta
Find the meadows green,rangeland,green
Find the meadows blue,rangeland,blue
Find the meadows white,rangeland,white
Find the meadows,rangeland,None
Find the forest cyan,forest,cyan
Find the forest yellow,forest,yellow
Find the forest magenta,forest,magenta
Find the forest green,forest,green
Find the forest blue,forest,blue
Find the forest white,forest,white
Find the forest,forest,None
Find the forests cyan,forest,cyan
Find the forests yellow,forest,yellow
Find the forests magenta,forest,magenta
Find the forests green,forest,green
Find the forests blue,forest,blue
Find the forests white,forest,white
Find the forests,forest,None
Find the forested areas cyan,forest,cyan
Find the forested areas yellow,forest,yellow
Find the forested areas magenta,forest,magenta
Find the forested areas green,forest,green
Find the forested areas blue,forest,blue
Find the forested areas white,forest,white
Find the forested areas,forest,None
Find the woodland cyan,forest,cyan
Find the woodland yellow,forest,yellow
Find the woodland magenta,forest,magenta
Find the woodland green,forest,green
Find the woodland blue,forest,blue
Find the woodland white,forest,white
Find the woodland,forest,None
Find the forest regions cyan,forest,cyan
Find the forest regions yellow,forest,yellow
Find the forest regions magenta,forest,magenta
Find the forest regions green,forest,green
Find the forest regions blue,forest,blue
Find the forest regions white,forest,white
Find the forest regions,forest,None
Find the water cyan,water,cyan
Find the water yellow,water,yellow
Find the water magenta,water,magenta
Find the water green,water,green
Find the water blue,water,blue
Find the water white,water,white
Find the water,water,None
Find the water bodies cyan,water,cyan
Find the water bodies yellow,water,yellow
Find the water bodies magenta,water,magenta
Find the water bodies green,water,green
Find the water bodies blue,water,blue
Find the water bodies white,water,white
Find the water bodies,water,None
Find the lakes cyan,water,cyan
Find the lakes yellow,water,yellow
Find the lakes magenta,water,magenta
Find the lakes green,water,green
Find the lakes blue,water,blue
Find the lakes white,water,white
Find the lakes,water,None
Find the rivers cyan,water,cyan
Find the rivers yellow,water,yellow
Find the rivers magenta,water,magenta
Find the rivers green,water,green
Find the rivers blue,water,blue
Find the rivers white,water,white
Find the rivers,water,None
Find the water areas cyan,water,cyan
Find the water areas yellow,water,yellow
Find the water areas magenta,water,magenta
Find the water areas green,water,green
Find the water areas blue,water,blue
Find the water areas white,water,white
Find the water areas,water,None
Find the barren cyan,barren,cyan
Find the barren yellow,barren,yellow
Find the barren magenta,barren,magenta
Find the barren green,barren,green
Find the barren blue,barren,blue
Find the barren white,barren,white
Find the barren,barren,None
Find the desert cyan,barren,cyan
Find the desert yellow,barren,yellow
Find the desert magenta,barren,magenta
Find the desert green,barren,green
Find the desert blue,barren,blue
Find the desert white,barren,white
Find the desert,barren,None
Find the arid land cyan,barren,cyan
Find the arid land yellow,barren,yellow
Find the arid land magenta,barren,magenta
Find the arid land green,barren,green
Find the arid land blue,barren,blue
Find the arid land white,barren,white
Find the arid land,barren,None
Find the barren areas cyan,barren,cyan
Find the barren areas yellow,barren,yellow
Find the barren areas magenta,barren,magenta
Find the barren areas green,barren,green
Find the barren areas blue,barren,blue
Find the barren areas white,barren,white
Find the barren areas,barren,None
Find the wasteland cyan,barren,cyan
Find the wasteland yellow,barren,yellow
Find the wasteland magenta,barren,magenta
Find the wasteland green,barren,green
Find the wasteland blue,barren,blue
Find the wasteland white,barren,white
Find the wasteland,barren,None
Locate the urban cyan,urban,cyan
Locate the urban yellow,urban,yellow
Locate the urban magenta,urban,magenta
Locate the urban green,urban,green
Locate the urban blue,urban,blue
Locate the urban white,urban,white
Locate the urban,urban,None
Locate the urbans cyan,urban,cyan
Locate the urbans yellow,urban,yellow
Locate the urbans magenta,urban,magenta
Locate the urbans green,urban,green
Locate the urbans blue,urban,blue
Locate the urbans white,urban,white
Locate the urbans,urban,None
Locate the urban areas cyan,urban,cyan
Locate the urban areas yellow,urban,yellow
Locate the urban areas magenta,urban,magenta
Locate the urban areas green,urban,green
Locate the urban areas blue,urban,blue
Locate the urban areas white,urban,white
Locate the urban areas,urban,None
Locate the cities cyan,urban,cyan
Locate the cities yellow,urban,yellow
Locate the cities magenta,urban,magenta
Locate the cities green,urban,green
Locate the cities blue,urban,blue
Locate the cities white,urban,white
Locate the cities,urban,None
Locate the city areas cyan,urban,cyan
Locate the city areas yellow,urban,yellow
Locate the city areas magenta,urban,magenta
Locate the city areas green,urban,green
Locate the city areas blue,urban,blue
Locate the city areas white,urban,white
Locate the city areas,urban,None
Locate the urban regions cyan,urban,cyan
Locate the urban regions yellow,urban,yellow
Locate the urban regions magenta,urban,magenta
Locate the urban regions green,urban,green
Locate the urban regions blue,urban,blue
Locate the urban regions white,urban,white
Locate the urban regions,urban,None
Locate the agriculture cyan,agriculture,cyan
Locate the agriculture yellow,agriculture,yellow
Locate the agriculture magenta,agriculture,magenta
Locate the agriculture green,agriculture,green
Locate the agriculture blue,agriculture,blue
Locate the agriculture white,agriculture,white
Locate the agriculture,agriculture,None
Locate the agricultures cyan,agriculture,cyan
Locate the agricultures yellow,agriculture,yellow
Locate the agricultures magenta,agriculture,magenta
Locate the agricultures green,agriculture,green
Locate the agricultures blue,agriculture,blue
Locate the agricultures white,agriculture,white
Locate the agricultures,agriculture,None
Locate the farm cyan,agriculture,cyan
Locate the farm yellow,agriculture,yellow
Locate the farm magenta,agriculture,magenta
Locate the farm green,agriculture,green
Locate the farm blue,agriculture,blue
Locate the farm white,agriculture,white
Locate the farm,agriculture,None
Locate the agricultural areas cyan,agriculture,cyan
Locate the agricultural areas yellow,agriculture,yellow
Locate the agricultural areas magenta,agriculture,magenta
Locate the agricultural areas green,agriculture,green
Locate the agricultural areas blue,agriculture,blue
Locate the agricultural areas white,agriculture,white
Locate the agricultural areas,agriculture,None
Locate the farmland cyan,agriculture,cyan
Locate the farmland yellow,agriculture,yellow
Locate the farmland magenta,agriculture,magenta
Locate the farmland green,agriculture,green
Locate the farmland blue,agriculture,blue
Locate the farmland white,agriculture,white
Locate the farmland,agriculture,None
Locate the farming areas cyan,agriculture,cyan
Locate the farming areas yellow,agriculture,yellow
Locate the farming areas magenta,agriculture,magenta
Locate the farming areas green,agriculture,green
Locate the farming areas blue,agriculture,blue
Locate the farming areas white,agriculture,white
Locate the farming areas,agriculture,None
Locate the crops cyan,agriculture,cyan
Locate the crops yellow,agriculture,yellow
Locate the crops magenta,agriculture,magenta
Locate the crops green,agriculture,green
Locate the crops blue,agriculture,blue
Locate the crops white,agriculture,white
Locate the crops,agriculture,None
Locate the rangeland cyan,rangeland,cyan
Locate the rangeland yellow,rangeland,yellow
Locate the rangeland magenta,rangeland,magenta
Locate the rangeland green,rangeland,green
Locate the rangeland blue,rangeland,blue
Locate the rangeland white,rangeland,white
Locate the rangeland,rangeland,None
Locate the grassland cyan,rangeland,cyan
Locate the grassland yellow,rangeland,yellow
Locate the grassland magenta,rangeland,magenta
Locate the grassland green,rangeland,green
Locate the grassland blue,rangeland,blue
Locate the grassland white,rangeland,white
Locate the grassland,rangeland,None
Locate the pastures cyan,rangeland,cyan
Locate the pastures yellow,rangeland,yellow
Locate the pastures magenta,rangeland,magenta
Locate the pastures green,rangeland,green
Locate the pastures blue,rangeland,blue
Locate the pastures white,rangeland,white
Locate the pastures,rangeland,None
Locate the grazing areas cyan,rangeland,cyan
Locate the grazing areas yellow,rangeland,yellow
Locate the grazing areas magenta,rangeland,magenta
Locate the grazing areas green,rangeland,green
Locate the grazing areas blue,rangeland,blue
Locate the grazing areas white,rangeland,white
Locate the grazing areas,rangeland,None
Locate the meadows cyan,rangeland,cyan
Locate the meadows yellow,rangeland,yellow
Locate the meadows magenta,rangeland,magenta
Locate the meadows green,rangeland,green
Locate the meadows blue,rangeland,blue
Locate the meadows white,rangeland,white
Locate the meadows,rangeland,None
Locate the forest cyan,forest,cyan
Locate the forest yellow,forest,yellow
Locate the forest magenta,forest,magenta
Locate the forest green,forest,green
Locate the forest blue,forest,blue
Locate the forest white,forest,white
Locate the forest,forest,None
Locate the forests cyan,forest,cyan
Locate the forests yellow,forest,yellow
Locate the forests magenta,forest,magenta
Locate the forests green,forest,green
Locate the forests blue,forest,blue
Locate the forests white,forest,white
Locate the forests,forest,None
Locate the forested areas cyan,forest,cyan
Locate the forested areas yellow,forest,yellow
Locate the forested areas magenta,forest,magenta
Locate the forested areas green,forest,green
Locate the forested areas blue,forest,blue
Locate the forested areas white,forest,white
Locate the forested areas,forest,None
Locate the woodland cyan,forest,cyan
Locate the woodland yellow,forest,yellow
Locate the woodland magenta,forest,magenta
Locate the woodland green,forest,green
Locate the woodland blue,forest,blue
Locate the woodland white,forest,white
Locate the woodland,forest,None
Locate the forest regions cyan,forest,cyan
Locate the forest regions yellow,forest,yellow
Locate the forest regions magenta,forest,magenta
Locate the forest regions green,forest,green
Locate the forest regions blue,forest,blue
Locate the forest regions white,forest,white
Locate the forest regions,forest,None
Locate the water cyan,water,cyan
Locate the water yellow,water,yellow
Locate the water magenta,water,magenta
Locate the water green,water,green
Locate the water blue,water,blue
Locate the water white,water,white
Locate the water,water,None
Locate the water bodies cyan,water,cyan
Locate the water bodies yellow,water,yellow
Locate the water bodies magenta,water,magenta
Locate the water bodies green,water,green
Locate the water bodies blue,water,blue
Locate the water bodies white,water,white
Locate the water bodies,water,None
Locate the lakes cyan,water,cyan
Locate the lakes yellow,water,yellow
Locate the lakes magenta,water,magenta
Locate the lakes green,water,green
Locate the lakes blue,water,blue
Locate the lakes white,water,white
Locate the lakes,water,None
Locate the rivers cyan,water,cyan
Locate the rivers yellow,water,yellow
Locate the rivers magenta,water,magenta
Locate the rivers green,water,green
Locate the rivers blue,water,blue
Locate the rivers white,water,white
Locate the rivers,water,None
Locate the water areas cyan,water,cyan
Locate the water areas yellow,water,yellow
Locate the water areas magenta,water,magenta
Locate the water areas green,water,green
Locate the water areas blue,water,blue
Locate the water areas white,water,white
Locate the water areas,water,None
Locate the barren cyan,barren,cyan
Locate the barren yellow,barren,yellow
Locate the barren magenta,barren,magenta
Locate the barren green,barren,green
Locate the barren blue,barren,blue
Locate the barren white,barren,white
Locate the barren,barren,None
Locate the desert cyan,barren,cyan
Locate the desert yellow,barren,yellow
Locate the desert magenta,barren,magenta
Locate the desert green,barren,green
Locate the desert blue,barren,blue
Locate the desert white,barren,white
Locate the desert,barren,None
Locate the arid land cyan,barren,cyan
Locate the arid land yellow,barren,yellow
Locate the arid land magenta,barren,magenta
Locate the arid land green,barren,green
Locate the arid land blue,barren,blue
Locate the arid land white,barren,white
Locate the arid land,barren,None
Locate the barren areas cyan,barren,cyan
Locate the barren areas yellow,barren,yellow
Locate the barren areas magenta,barren,magenta
Locate the barren areas green,barren,green
Locate the barren areas blue,barren,blue
Locate the barren areas white,barren,white
Locate the barren areas,barren,None
Locate the wasteland cyan,barren,cyan
Locate the wasteland yellow,barren,yellow
Locate the wasteland magenta,barren,magenta
Locate the wasteland green,barren,green
Locate the wasteland blue,barren,blue
Locate the wasteland white,barren,white
Locate the wasteland,barren,None
Point out the urban cyan,urban,cyan
Point out the urban yellow,urban,yellow
Point out the urban magenta,urban,magenta
Point out the urban green,urban,green
Point out the urban blue,urban,blue
Point out the urban white,urban,white
Point out the urban,urban,None
Point out the urbans cyan,urban,cyan
Point out the urbans yellow,urban,yellow
Point out the urbans magenta,urban,magenta
Point out the urbans green,urban,green
Point out the urbans blue,urban,blue
Point out the urbans white,urban,white
Point out the urbans,urban,None
Point out the urban areas cyan,urban,cyan
Point out the urban areas yellow,urban,yellow
Point out the urban areas magenta,urban,magenta
Point out the urban areas green,urban,green
Point out the urban areas blue,urban,blue
Point out the urban areas white,urban,white
Point out the urban areas,urban,None
Point out the cities cyan,urban,cyan
Point out the cities yellow,urban,yellow
Point out the cities magenta,urban,magenta
Point out the cities green,urban,green
Point out the cities blue,urban,blue
Point out the cities white,urban,white
Point out the cities,urban,None
Point out the city areas cyan,urban,cyan
Point out the city areas yellow,urban,yellow
Point out the city areas magenta,urban,magenta
Point out the city areas green,urban,green
Point out the city areas blue,urban,blue
Point out the city areas white,urban,white
Point out the city areas,urban,None
Point out the urban regions cyan,urban,cyan
Point out the urban regions yellow,urban,yellow
Point out the urban regions magenta,urban,magenta
Point out the urban regions green,urban,green
Point out the urban regions blue,urban,blue
Point out the urban regions white,urban,white
Point out the urban regions,urban,None
Point out the agriculture cyan,agriculture,cyan
Point out the agriculture yellow,agriculture,yellow
Point out the agriculture magenta,agriculture,magenta
Point out the agriculture green,agriculture,green
Point out the agriculture blue,agriculture,blue
Point out the agriculture white,agriculture,white
Point out the agriculture,agriculture,None
Point out the agricultures cyan,agriculture,cyan
Point out the agricultures yellow,agriculture,yellow
Point out the agricultures magenta,agriculture,magenta
Point out the agricultures green,agriculture,green
Point out the agricultures blue,agriculture,blue
Point out the agricultures white,agriculture,white
Point out the agricultures,agriculture,None
Point out the farm cyan,agriculture,cyan
Point out the farm yellow,agriculture,yellow
Point out the farm magenta,agriculture,magenta
Point out the farm green,agriculture,green
Point out the farm blue,agriculture,blue
Point out the farm white,agriculture,white
Point out the farm,agriculture,None
Point out the agricultural areas cyan,agriculture,cyan
Point out the agricultural areas yellow,agriculture,yellow
Point out the agricultural areas magenta,agriculture,magenta
Point out the agricultural areas green,agriculture,green
Point out the agricultural areas blue,agriculture,blue
Point out the agricultural areas white,agriculture,white
Point out the agricultural areas,agriculture,None
Point out the farmland cyan,agriculture,cyan
Point out the farmland yellow,agriculture,yellow
Point out the farmland magenta,agriculture,magenta
Point out the farmland green,agriculture,green
Point out the farmland blue,agriculture,blue
Point out the farmland white,agriculture,white
Point out the farmland,agriculture,None
Point out the farming areas cyan,agriculture,cyan
Point out the farming areas yellow,agriculture,yellow
Point out the farming areas magenta,agriculture,magenta
Point out the farming areas green,agriculture,green
Point out the farming areas blue,agriculture,blue
Point out the farming areas white,agriculture,white
Point out the farming areas,agriculture,None
Point out the crops cyan,agriculture,cyan
Point out the crops yellow,agriculture,yellow
Point out the crops magenta,agriculture,magenta
Point out the crops green,agriculture,green
Point out the crops blue,agriculture,blue
Point out the crops white,agriculture,white
Point out the crops,agriculture,None
Point out the rangeland cyan,rangeland,cyan
Point out the rangeland yellow,rangeland,yellow
Point out the rangeland magenta,rangeland,magenta
Point out the rangeland green,rangeland,green
Point out the rangeland blue,rangeland,blue
Point out the rangeland white,rangeland,white
Point out the rangeland,rangeland,None
Point out the grassland cyan,rangeland,cyan
Point out the grassland yellow,rangeland,yellow
Point out the grassland magenta,rangeland,magenta
Point out the grassland green,rangeland,green
Point out the grassland blue,rangeland,blue
Point out the grassland white,rangeland,white
Point out the grassland,rangeland,None
Point out the pastures cyan,rangeland,cyan
Point out the pastures yellow,rangeland,yellow
Point out the pastures magenta,rangeland,magenta
Point out the pastures green,rangeland,green
Point out the pastures blue,rangeland,blue
Point out the pastures white,rangeland,white
Point out the pastures,rangeland,None
Point out the grazing areas cyan,rangeland,cyan
Point out the grazing areas yellow,rangeland,yellow
Point out the grazing areas magenta,rangeland,magenta
Point out the grazing areas green,rangeland,green
Point out the grazing areas blue,rangeland,blue
Point out the grazing areas white,rangeland,white
Point out the grazing areas,rangeland,None
Point out the meadows cyan,rangeland,cyan
Point out the meadows yellow,rangeland,yellow
Point out the meadows magenta,rangeland,magenta
Point out the meadows green,rangeland,green
Point out the meadows blue,rangeland,blue
Point out the meadows white,rangeland,white
Point out the meadows,rangeland,None
Point out the forest cyan,forest,cyan
Point out the forest yellow,forest,yellow
Point out the forest magenta,forest,magenta
Point out the forest green,forest,green
Point out the forest blue,forest,blue
Point out the forest white,forest,white
Point out the forest,forest,None
Point out the forests cyan,forest,cyan
Point out the forests yellow,forest,yellow
Point out the forests magenta,forest,magenta
Point out the forests green,forest,green
Point out the forests blue,forest,blue
Point out the forests white,forest,white
Point out the forests,forest,None
Point out the forested areas cyan,forest,cyan
Point out the forested areas yellow,forest,yellow
Point out the forested areas magenta,forest,magenta
Point out the forested areas green,forest,green
Point out the forested areas blue,forest,blue
Point out the forested areas white,forest,white
Point out the forested areas,forest,None
Point out the woodland cyan,forest,cyan
Point out the woodland yellow,forest,yellow
Point out the woodland magenta,forest,magenta
Point out the woodland green,forest,green
Point out the woodland blue,forest,blue
Point out the woodland white,forest,white
Point out the woodland,forest,None
Point out the forest regions cyan,forest,cyan
Point out the forest regions yellow,forest,yellow
Point out the forest regions magenta,forest,magenta
Point out the forest regions green,forest,green
Point out the forest regions blue,forest,blue
Point out the forest regions white,forest,white
Point out the forest regions,forest,None
Point out the water cyan,water,cyan
Point out the water yellow,water,yellow
Point out the water magenta,water,magenta
Point out the water green,water,green
Point out the water blue,water,blue
Point out the water white,water,white
Point out the water,water,None
Point out the water bodies cyan,water,cyan
Point out the water bodies yellow,water,yellow
Point out the water bodies magenta,water,magenta
Point out the water bodies green,water,green
Point out the water bodies blue,water,blue
Point out the water bodies white,water,white
Point out the water bodies,water,None
Point out the lakes cyan,water,cyan
Point out the lakes yellow,water,yellow
Point out the lakes magenta,water,magenta
Point out the lakes green,water,green
Point out the lakes blue,water,blue
Point out the lakes white,water,white
Point out the lakes,water,None
Point out the rivers cyan,water,cyan
Point out the rivers yellow,water,yellow
Point out the rivers magenta,water,magenta
Point out the rivers green,water,green
Point out the rivers blue,water,blue
Point out the rivers white,water,white
Point out the rivers,water,None
Point out the water areas cyan,water,cyan
Point out the water areas yellow,water,yellow
Point out the water areas magenta,water,magenta
Point out the water areas green,water,green
Point out the water areas blue,water,blue
Point out the water areas white,water,white
Point out the water areas,water,None
Point out the barren cyan,barren,cyan
Point out the barren yellow,barren,yellow
Point out the barren magenta,barren,magenta
Point out the barren green,barren,green
Point out the barren blue,barren,blue
Point out the barren white,barren,white
Point out the barren,barren,None
Point out the desert cyan,barren,cyan
Point out the desert yellow,barren,yellow
Point out the desert magenta,barren,magenta
Point out the desert green,barren,green
Point out the desert blue,barren,blue
Point out the desert white,barren,white
Point out the desert,barren,None
Point out the arid land cyan,barren,cyan
Point out the arid land yellow,barren,yellow
Point out the arid land magenta,barren,magenta
Point out the arid land green,barren,green
Point out the arid land blue,barren,blue
Point out the arid land white,barren,white
Point out the arid land,barren,None
Point out the barren areas cyan,barren,cyan
Point out the barren areas yellow,barren,yellow
Point out the barren areas magenta,barren,magenta
Point out the barren areas green,barren,green
Point out the barren areas blue,barren,blue
Point out the barren areas white,barren,white
Point out the barren areas,barren,None
Point out the wasteland cyan,barren,cyan
Point out the wasteland yellow,barren,yellow
Point out the wasteland magenta,barren,magenta
Point out the wasteland green,barren,green
Point out the wasteland blue,barren,blue
Point out the wasteland white,barren,white
Point out the wasteland,barren,None
Could you display the urban cyan,urban,cyan
Could you display the urban yellow,urban,yellow
Could you display the urban magenta,urban,magenta
Could you display the urban green,urban,green
Could you display the urban blue,urban,blue
Could you display the urban white,urban,white
Could you display the urban,urban,None
Could you display the urbans cyan,urban,cyan
Could you display the urbans yellow,urban,yellow
Could you display the urbans magenta,urban,magenta
Could you display the urbans green,urban,green
Could you display the urbans blue,urban,blue
Could you display the urbans white,urban,white
Could you display the urbans,urban,None
Could you display the urban areas cyan,urban,cyan
Could you display the urban areas yellow,urban,yellow
Could you display the urban areas magenta,urban,magenta
Could you display the urban areas green,urban,green
Could you display the urban areas blue,urban,blue
Could you display the urban areas white,urban,white
Could you display the urban areas,urban,None
Could you display the cities cyan,urban,cyan
Could you display the cities yellow,urban,yellow
Could you display the cities magenta,urban,magenta
Could you display the cities green,urban,green
Could you display the cities blue,urban,blue
Could you display the cities white,urban,white
Could you display the cities,urban,None
Could you display the city areas cyan,urban,cyan
Could you display the city areas yellow,urban,yellow
Could you display the city areas magenta,urban,magenta
Could you display the city areas green,urban,green
Could you display the city areas blue,urban,blue
Could you display the city areas white,urban,white
Could you display the city areas,urban,None
Could you display the urban regions cyan,urban,cyan
Could you display the urban regions yellow,urban,yellow
Could you display the urban regions magenta,urban,magenta
Could you display the urban regions green,urban,green
Could you display the urban regions blue,urban,blue
Could you display the urban regions white,urban,white
Could you display the urban regions,urban,None
Could you display the agriculture cyan,agriculture,cyan
Could you display the agriculture yellow,agriculture,yellow
Could you display the agriculture magenta,agriculture,magenta
Could you display the agriculture green,agriculture,green
Could you display the agriculture blue,agriculture,blue
Could you display the agriculture white,agriculture,white
Could you display the agriculture,agriculture,None
Could you display the agricultures cyan,agriculture,cyan
Could you display the agricultures yellow,agriculture,yellow
Could you display the agricultures magenta,agriculture,magenta
Could you display the agricultures green,agriculture,green
Could you display the agricultures blue,agriculture,blue
Could you display the agricultures white,agriculture,white
Could you display the agricultures,agriculture,None
Could you display the farm cyan,agriculture,cyan
Could you display the farm yellow,agriculture,yellow
Could you display the farm magenta,agriculture,magenta
Could you display the farm green,agriculture,green
Could you display the farm blue,agriculture,blue
Could you display the farm white,agriculture,white
Could you display the farm,agriculture,None
Could you display the agricultural areas cyan,agriculture,cyan
Could you display the agricultural areas yellow,agriculture,yellow
Could you display the agricultural areas magenta,agriculture,magenta
Could you display the agricultural areas green,agriculture,green
Could you display the agricultural areas blue,agriculture,blue
Could you display the agricultural areas white,agriculture,white
Could you display the agricultural areas,agriculture,None
Could you display the farmland cyan,agriculture,cyan
Could you display the farmland yellow,agriculture,yellow
Could you display the farmland magenta,agriculture,magenta
Could you display the farmland green,agriculture,green
Could you display the farmland blue,agriculture,blue
Could you display the farmland white,agriculture,white
Could you display the farmland,agriculture,None
Could you display the farming areas cyan,agriculture,cyan
Could you display the farming areas yellow,agriculture,yellow
Could you display the farming areas magenta,agriculture,magenta
Could you display the farming areas green,agriculture,green
Could you display the farming areas blue,agriculture,blue
Could you display the farming areas white,agriculture,white
Could you display the farming areas,agriculture,None
Could you display the crops cyan,agriculture,cyan
Could you display the crops yellow,agriculture,yellow
Could you display the crops magenta,agriculture,magenta
Could you display the crops green,agriculture,green
Could you display the crops blue,agriculture,blue
Could you display the crops white,agriculture,white
Could you display the crops,agriculture,None
Could you display the rangeland cyan,rangeland,cyan
Could you display the rangeland yellow,rangeland,yellow
Could you display the rangeland magenta,rangeland,magenta
Could you display the rangeland green,rangeland,green
Could you display the rangeland blue,rangeland,blue
Could you display the rangeland white,rangeland,white
Could you display the rangeland,rangeland,None
Could you display the grassland cyan,rangeland,cyan
Could you display the grassland yellow,rangeland,yellow
Could you display the grassland magenta,rangeland,magenta
Could you display the grassland green,rangeland,green
Could you display the grassland blue,rangeland,blue
Could you display the grassland white,rangeland,white
Could you display the grassland,rangeland,None
Could you display the pastures cyan,rangeland,cyan
Could you display the pastures yellow,rangeland,yellow
Could you display the pastures magenta,rangeland,magenta
Could you display the pastures green,rangeland,green
Could you display the pastures blue,rangeland,blue
Could you display the pastures white,rangeland,white
Could you display the pastures,rangeland,None
Could you display the grazing areas cyan,rangeland,cyan
Could you display the grazing areas yellow,rangeland,yellow
Could you display the grazing areas magenta,rangeland,magenta
Could you display the grazing areas green,rangeland,green
Could you display the grazing areas blue,rangeland,blue
Could you display the grazing areas white,rangeland,white
Could you display the grazing areas,rangeland,None
Could you display the meadows cyan,rangeland,cyan
Could you display the meadows yellow,rangeland,yellow
Could you display the meadows magenta,rangeland,magenta
Could you display the meadows green,rangeland,green
Could you display the meadows blue,rangeland,blue
Could you display the meadows white,rangeland,white
Could you display the meadows,rangeland,None
Could you display the forest cyan,forest,cyan
Could you display the forest yellow,forest,yellow
Could you display the forest magenta,forest,magenta
Could you display the forest green,forest,green
Could you display the forest blue,forest,blue
Could you display the forest white,forest,white
Could you display the forest,forest,None
Could you display the forests cyan,forest,cyan
Could you display the forests yellow,forest,yellow
Could you display the forests magenta,forest,magenta
Could you display the forests green,forest,green
Could you display the forests blue,forest,blue
Could you display the forests white,forest,white
Could you display the forests,forest,None
Could you display the forested areas cyan,forest,cyan
Could you display the forested areas yellow,forest,yellow
Could you display the forested areas magenta,forest,magenta
Could you display the forested areas green,forest,green
Could you display the forested areas blue,forest,blue
Could you display the forested areas white,forest,white
Could you display the forested areas,forest,None
Could you display the woodland cyan,forest,cyan
Could you display the woodland yellow,forest,yellow
Could you display the woodland magenta,forest,magenta
Could you display the woodland green,forest,green
Could you display the woodland blue,forest,blue
Could you display the woodland white,forest,white
Could you display the woodland,forest,None
Could you display the forest regions cyan,forest,cyan
Could you display the forest regions yellow,forest,yellow
Could you display the forest regions magenta,forest,magenta
Could you display the forest regions green,forest,green
Could you display the forest regions blue,forest,blue
Could you display the forest regions white,forest,white
Could you display the forest regions,forest,None
Could you display the water cyan,water,cyan
Could you display the water yellow,water,yellow
Could you display the water magenta,water,magenta
Could you display the water green,water,green
Could you display the water blue,water,blue
Could you display the water white,water,white
Could you display the water,water,None
Could you display the water bodies cyan,water,cyan
Could you display the water bodies yellow,water,yellow
Could you display the water bodies magenta,water,magenta
Could you display the water bodies green,water,green
Could you display the water bodies blue,water,blue
Could you display the water bodies white,water,white
Could you display the water bodies,water,None
Could you display the lakes cyan,water,cyan
Could you display the lakes yellow,water,yellow
Could you display the lakes magenta,water,magenta
Could you display the lakes green,water,green
Could you display the lakes blue,water,blue
Could you display the lakes white,water,white
Could you display the lakes,water,None
Could you display the rivers cyan,water,cyan
Could you display the rivers yellow,water,yellow
Could you display the rivers magenta,water,magenta
Could you display the rivers green,water,green
Could you display the rivers blue,water,blue
Could you display the rivers white,water,white
Could you display the rivers,water,None
Could you display the water areas cyan,water,cyan
Could you display the water areas yellow,water,yellow
Could you display the water areas magenta,water,magenta
Could you display the water areas green,water,green
Could you display the water areas blue,water,blue
Could you display the water areas white,water,white
Could you display the water areas,water,None
Could you display the barren cyan,barren,cyan
Could you display the barren yellow,barren,yellow
Could you display the barren magenta,barren,magenta
Could you display the barren green,barren,green
Could you display the barren blue,barren,blue
Could you display the barren white,barren,white
Could you display the barren,barren,None
Could you display the desert cyan,barren,cyan
Could you display the desert yellow,barren,yellow
Could you display the desert magenta,barren,magenta
Could you display the desert green,barren,green
Could you display the desert blue,barren,blue
Could you display the desert white,barren,white
Could you display the desert,barren,None
Could you display the arid land cyan,barren,cyan
Could you display the arid land yellow,barren,yellow
Could you display the arid land magenta,barren,magenta
Could you display the arid land green,barren,green
Could you display the arid land blue,barren,blue
Could you display the arid land white,barren,white
Could you display the arid land,barren,None
Could you display the barren areas cyan,barren,cyan
Could you display the barren areas yellow,barren,yellow
Could you display the barren areas magenta,barren,magenta
Could you display the barren areas green,barren,green
Could you display the barren areas blue,barren,blue
Could you display the barren areas white,barren,white
Could you display the barren areas,barren,None
Could you display the wasteland cyan,barren,cyan
Could you display the wasteland yellow,barren,yellow
Could you display the wasteland magenta,barren,magenta
Could you display the wasteland green,barren,green
Could you display the wasteland blue,barren,blue
Could you display the wasteland white,barren,white
Could you display the wasteland,barren,None
Please show the urban cyan,urban,cyan
Please show the urban yellow,urban,yellow
Please show the urban magenta,urban,magenta
Please show the urban green,urban,green
Please show the urban blue,urban,blue
Please show the urban white,urban,white
Please show the urban,urban,None
Please show the urbans cyan,urban,cyan
Please show the urbans yellow,urban,yellow
Please show the urbans magenta,urban,magenta
Please show the urbans green,urban,green
Please show the urbans blue,urban,blue
Please show the urbans white,urban,white
Please show the urbans,urban,None
Please show the urban areas cyan,urban,cyan
Please show the urban areas yellow,urban,yellow
Please show the urban areas magenta,urban,magenta
Please show the urban areas green,urban,green
Please show the urban areas blue,urban,blue
Please show the urban areas white,urban,white
Please show the urban areas,urban,None
Please show the cities cyan,urban,cyan
Please show the cities yellow,urban,yellow
Please show the cities magenta,urban,magenta
Please show the cities green,urban,green
Please show the cities blue,urban,blue
Please show the cities white,urban,white
Please show the cities,urban,None
Please show the city areas cyan,urban,cyan
Please show the city areas yellow,urban,yellow
Please show the city areas magenta,urban,magenta
Please show the city areas green,urban,green
Please show the city areas blue,urban,blue
Please show the city areas white,urban,white
Please show the city areas,urban,None
Please show the urban regions cyan,urban,cyan
Please show the urban regions yellow,urban,yellow
Please show the urban regions magenta,urban,magenta
Please show the urban regions green,urban,green
Please show the urban regions blue,urban,blue
Please show the urban regions white,urban,white
Please show the urban regions,urban,None
Please show the agriculture cyan,agriculture,cyan
Please show the agriculture yellow,agriculture,yellow
Please show the agriculture magenta,agriculture,magenta
Please show the agriculture green,agriculture,green
Please show the agriculture blue,agriculture,blue
Please show the agriculture white,agriculture,white
Please show the agriculture,agriculture,None
Please show the agricultures cyan,agriculture,cyan
Please show the agricultures yellow,agriculture,yellow
Please show the agricultures magenta,agriculture,magenta
Please show the agricultures green,agriculture,green
Please show the agricultures blue,agriculture,blue
Please show the agricultures white,agriculture,white
Please show the agricultures,agriculture,None
Please show the farm cyan,agriculture,cyan
Please show the farm yellow,agriculture,yellow
Please show the farm magenta,agriculture,magenta
Please show the farm green,agriculture,green
Please show the farm blue,agriculture,blue
Please show the farm white,agriculture,white
Please show the farm,agriculture,None
Please show the agricultural areas cyan,agriculture,cyan
Please show the agricultural areas yellow,agriculture,yellow
Please show the agricultural areas magenta,agriculture,magenta
Please show the agricultural areas green,agriculture,green
Please show the agricultural areas blue,agriculture,blue
Please show the agricultural areas white,agriculture,white
Please show the agricultural areas,agriculture,None
Please show the farmland cyan,agriculture,cyan
Please show the farmland yellow,agriculture,yellow
Please show the farmland magenta,agriculture,magenta
Please show the farmland green,agriculture,green
Please show the farmland blue,agriculture,blue
Please show the farmland white,agriculture,white
Please show the farmland,agriculture,None
Please show the farming areas cyan,agriculture,cyan
Please show the farming areas yellow,agriculture,yellow
Please show the farming areas magenta,agriculture,magenta
Please show the farming areas green,agriculture,green
Please show the farming areas blue,agriculture,blue
Please show the farming areas white,agriculture,white
Please show the farming areas,agriculture,None
Please show the crops cyan,agriculture,cyan
Please show the crops yellow,agriculture,yellow
Please show the crops magenta,agriculture,magenta
Please show the crops green,agriculture,green
Please show the crops blue,agriculture,blue
Please show the crops white,agriculture,white
Please show the crops,agriculture,None
Please show the rangeland cyan,rangeland,cyan
Please show the rangeland yellow,rangeland,yellow
Please show the rangeland magenta,rangeland,magenta
Please show the rangeland green,rangeland,green
Please show the rangeland blue,rangeland,blue
Please show the rangeland white,rangeland,white
Please show the rangeland,rangeland,None
Please show the grassland cyan,rangeland,cyan
Please show the grassland yellow,rangeland,yellow
Please show the grassland magenta,rangeland,magenta
Please show the grassland green,rangeland,green
Please show the grassland blue,rangeland,blue
Please show the grassland white,rangeland,white
Please show the grassland,rangeland,None
Please show the pastures cyan,rangeland,cyan
Please show the pastures yellow,rangeland,yellow
Please show the pastures magenta,rangeland,magenta
Please show the pastures green,rangeland,green
Please show the pastures blue,rangeland,blue
Please show the pastures white,rangeland,white
Please show the pastures,rangeland,None
Please show the grazing areas cyan,rangeland,cyan
Please show the grazing areas yellow,rangeland,yellow
Please show the grazing areas magenta,rangeland,magenta
Please show the grazing areas green,rangeland,green
Please show the grazing areas blue,rangeland,blue
Please show the grazing areas white,rangeland,white
Please show the grazing areas,rangeland,None
Please show the meadows cyan,rangeland,cyan
Please show the meadows yellow,rangeland,yellow
Please show the meadows magenta,rangeland,magenta
Please show the meadows green,rangeland,green
Please show the meadows blue,rangeland,blue
Please show the meadows white,rangeland,white
Please show the meadows,rangeland,None
Please show the forest cyan,forest,cyan
Please show the forest yellow,forest,yellow
Please show the forest magenta,forest,magenta
Please show the forest green,forest,green
Please show the forest blue,forest,blue
Please show the forest white,forest,white
Please show the forest,forest,None
Please show the forests cyan,forest,cyan
Please show the forests yellow,forest,yellow
Please show the forests magenta,forest,magenta
Please show the forests green,forest,green
Please show the forests blue,forest,blue
Please show the forests white,forest,white
Please show the forests,forest,None
Please show the forested areas cyan,forest,cyan
Please show the forested areas yellow,forest,yellow
Please show the forested areas magenta,forest,magenta
Please show the forested areas green,forest,green
Please show the forested areas blue,forest,blue
Please show the forested areas white,forest,white
Please show the forested areas,forest,None
Please show the woodland cyan,forest,cyan
Please show the woodland yellow,forest,yellow
Please show the woodland magenta,forest,magenta
Please show the woodland green,forest,green
Please show the woodland blue,forest,blue
Please show the woodland white,forest,white
Please show the woodland,forest,None
Please show the forest regions cyan,forest,cyan
Please show the forest regions yellow,forest,yellow
Please show the forest regions magenta,forest,magenta
Please show the forest regions green,forest,green
Please show the forest regions blue,forest,blue
Please show the forest regions white,forest,white
Please show the forest regions,forest,None
Please show the water cyan,water,cyan
Please show the water yellow,water,yellow
Please show the water magenta,water,magenta
Please show the water green,water,green
Please show the water blue,water,blue
Please show the water white,water,white
Please show the water,water,None
Please show the water bodies cyan,water,cyan
Please show the water bodies yellow,water,yellow
Please show the water bodies magenta,water,magenta
Please show the water bodies green,water,green
Please show the water bodies blue,water,blue
Please show the water bodies white,water,white
Please show the water bodies,water,None
Please show the lakes cyan,water,cyan
Please show the lakes yellow,water,yellow
Please show the lakes magenta,water,magenta
Please show the lakes green,water,green
Please show the lakes blue,water,blue
Please show the lakes white,water,white
Please show the lakes,water,None
Please show the rivers cyan,water,cyan
Please show the rivers yellow,water,yellow
Please show the rivers magenta,water,magenta
Please show the rivers green,water,green
Please show the rivers blue,water,blue
Please show the rivers white,water,white
Please show the rivers,water,None
Please show the water areas cyan,water,cyan
Please show the water areas yellow,water,yellow
Please show the water areas magenta,water,magenta
Please show the water areas green,water,green
Please show the water areas blue,water,blue
Please show the water areas white,water,white
Please show the water areas,water,None
Please show the barren cyan,barren,cyan
Please show the barren yellow,barren,yellow
Please show the barren magenta,barren,magenta
Please show the barren green,barren,green
Please show the barren blue,barren,blue
Please show the barren white,barren,white
Please show the barren,barren,None
Please show the desert cyan,barren,cyan
Please show the desert yellow,barren,yellow
Please show the desert magenta,barren,magenta
Please show the desert green,barren,green
Please show the desert blue,barren,blue
Please show the desert white,barren,white
Please show the desert,barren,None
Please show the arid land cyan,barren,cyan
Please show the arid land yellow,barren,yellow
Please show the arid land magenta,barren,magenta
Please show the arid land green,barren,green
Please show the arid land blue,barren,blue
Please show the arid land white,barren,white
Please show the arid land,barren,None
Please show the barren areas cyan,barren,cyan
Please show the barren areas yellow,barren,yellow
Please show the barren areas magenta,barren,magenta
Please show the barren areas green,barren,green
Please show the barren areas blue,barren,blue
Please show the barren areas white,barren,white
Please show the barren areas,barren,None
Please show the wasteland cyan,barren,cyan
Please show the wasteland yellow,barren,yellow
Please show the wasteland magenta,barren,magenta
Please show the wasteland green,barren,green
Please show the wasteland blue,barren,blue
Please show the wasteland white,barren,white
Please show the wasteland,barren,None
"Hello, I want urban to be the color of cyan",urban,cyan
"Hello, I want urban to be the color of yellow",urban,yellow
"Hello, I want urban to be the color of magenta",urban,magenta
"Hello, I want urban to be the color of green",urban,green
"Hello, I want urban to be the color of blue",urban,blue
"Hello, I want urban to be the color of white",urban,white
"Hello, I want urban to be the color of",urban,None
"Hello, I want urbans to be the color of cyan",urban,cyan
"Hello, I want urbans to be the color of yellow",urban,yellow
"Hello, I want urbans to be the color of magenta",urban,magenta
"Hello, I want urbans to be the color of green",urban,green
"Hello, I want urbans to be the color of blue",urban,blue
"Hello, I want urbans to be the color of white",urban,white
"Hello, I want urbans to be the color of",urban,None
"Hello, I want urban areas to be the color of cyan",urban,cyan
"Hello, I want urban areas to be the color of yellow",urban,yellow
"Hello, I want urban areas to be the color of magenta",urban,magenta
"Hello, I want urban areas to be the color of green",urban,green
"Hello, I want urban areas to be the color of blue",urban,blue
"Hello, I want urban areas to be the color of white",urban,white
"Hello, I want urban areas to be the color of",urban,None
"Hello, I want cities to be the color of cyan",urban,cyan
"Hello, I want cities to be the color of yellow",urban,yellow
"Hello, I want cities to be the color of magenta",urban,magenta
"Hello, I want cities to be the color of green",urban,green
"Hello, I want cities to be the color of blue",urban,blue
"Hello, I want cities to be the color of white",urban,white
"Hello, I want cities to be the color of",urban,None
"Hello, I want city areas to be the color of cyan",urban,cyan
"Hello, I want city areas to be the color of yellow",urban,yellow
"Hello, I want city areas to be the color of magenta",urban,magenta
"Hello, I want city areas to be the color of green",urban,green
"Hello, I want city areas to be the color of blue",urban,blue
"Hello, I want city areas to be the color of white",urban,white
"Hello, I want city areas to be the color of",urban,None
"Hello, I want urban regions to be the color of cyan",urban,cyan
"Hello, I want urban regions to be the color of yellow",urban,yellow
"Hello, I want urban regions to be the color of magenta",urban,magenta
"Hello, I want urban regions to be the color of green",urban,green
"Hello, I want urban regions to be the color of blue",urban,blue
"Hello, I want urban regions to be the color of white",urban,white
"Hello, I want urban regions to be the color of",urban,None
"Hello, I want agriculture to be the color of cyan",agriculture,cyan
"Hello, I want agriculture to be the color of yellow",agriculture,yellow
"Hello, I want agriculture to be the color of magenta",agriculture,magenta
"Hello, I want agriculture to be the color of green",agriculture,green
"Hello, I want agriculture to be the color of blue",agriculture,blue
"Hello, I want agriculture to be the color of white",agriculture,white
"Hello, I want agriculture to be the color of",agriculture,None
"Hello, I want agricultures to be the color of cyan",agriculture,cyan
"Hello, I want agricultures to be the color of yellow",agriculture,yellow
"Hello, I want agricultures to be the color of magenta",agriculture,magenta
"Hello, I want agricultures to be the color of green",agriculture,green
"Hello, I want agricultures to be the color of blue",agriculture,blue
"Hello, I want agricultures to be the color of white",agriculture,white
"Hello, I want agricultures to be the color of",agriculture,None
"Hello, I want farm to be the color of cyan",agriculture,cyan
"Hello, I want farm to be the color of yellow",agriculture,yellow
"Hello, I want farm to be the color of magenta",agriculture,magenta
"Hello, I want farm to be the color of green",agriculture,green
"Hello, I want farm to be the color of blue",agriculture,blue
"Hello, I want farm to be the color of white",agriculture,white
"Hello, I want farm to be the color of",agriculture,None
"Hello, I want agricultural areas to be the color of cyan",agriculture,cyan
"Hello, I want agricultural areas to be the color of yellow",agriculture,yellow
"Hello, I want agricultural areas to be the color of magenta",agriculture,magenta
"Hello, I want agricultural areas to be the color of green",agriculture,green
"Hello, I want agricultural areas to be the color of blue",agriculture,blue
"Hello, I want agricultural areas to be the color of white",agriculture,white
"Hello, I want agricultural areas to be the color of",agriculture,None
"Hello, I want farmland to be the color of cyan",agriculture,cyan
"Hello, I want farmland to be the color of yellow",agriculture,yellow
"Hello, I want farmland to be the color of magenta",agriculture,magenta
"Hello, I want farmland to be the color of green",agriculture,green
"Hello, I want farmland to be the color of blue",agriculture,blue
"Hello, I want farmland to be the color of white",agriculture,white
"Hello, I want farmland to be the color of",agriculture,None
"Hello, I want farming areas to be the color of cyan",agriculture,cyan
"Hello, I want farming areas to be the color of yellow",agriculture,yellow
"Hello, I want farming areas to be the color of magenta",agriculture,magenta
"Hello, I want farming areas to be the color of green",agriculture,green
"Hello, I want farming areas to be the color of blue",agriculture,blue
"Hello, I want farming areas to be the color of white",agriculture,white
"Hello, I want farming areas to be the color of",agriculture,None
"Hello, I want crops to be the color of cyan",agriculture,cyan
"Hello, I want crops to be the color of yellow",agriculture,yellow
"Hello, I want crops to be the color of magenta",agriculture,magenta
"Hello, I want crops to be the color of green",agriculture,green
"Hello, I want crops to be the color of blue",agriculture,blue
"Hello, I want crops to be the color of white",agriculture,white
"Hello, I want crops to be the color of",agriculture,None
"Hello, I want rangeland to be the color of cyan",rangeland,cyan
"Hello, I want rangeland to be the color of yellow",rangeland,yellow
"Hello, I want rangeland to be the color of magenta",rangeland,magenta
"Hello, I want rangeland to be the color of green",rangeland,green
"Hello, I want rangeland to be the color of blue",rangeland,blue
"Hello, I want rangeland to be the color of white",rangeland,white
"Hello, I want rangeland to be the color of",rangeland,None
"Hello, I want grassland to be the color of cyan",rangeland,cyan
"Hello, I want grassland to be the color of yellow",rangeland,yellow
"Hello, I want grassland to be the color of magenta",rangeland,magenta
"Hello, I want grassland to be the color of green",rangeland,green
"Hello, I want grassland to be the color of blue",rangeland,blue
"Hello, I want grassland to be the color of white",rangeland,white
"Hello, I want grassland to be the color of",rangeland,None
"Hello, I want pastures to be the color of cyan",rangeland,cyan
"Hello, I want pastures to be the color of yellow",rangeland,yellow
"Hello, I want pastures to be the color of magenta",rangeland,magenta
"Hello, I want pastures to be the color of green",rangeland,green
"Hello, I want pastures to be the color of blue",rangeland,blue
"Hello, I want pastures to be the color of white",rangeland,white
"Hello, I want pastures to be the color of",rangeland,None
"Hello, I want grazing areas to be the color of cyan",rangeland,cyan
"Hello, I want grazing areas to be the color of yellow",rangeland,yellow
"Hello, I want grazing areas to be the color of magenta",rangeland,magenta
"Hello, I want grazing areas to be the color of green",rangeland,green
"Hello, I want grazing areas to be the color of blue",rangeland,blue
"Hello, I want grazing areas to be the color of white",rangeland,white
"Hello, I want grazing areas to be the color of",rangeland,None
"Hello, I want meadows to be the color of cyan",rangeland,cyan
"Hello, I want meadows to be the color of yellow",rangeland,yellow
"Hello, I want meadows to be the color of magenta",rangeland,magenta
"Hello, I want meadows to be the color of green",rangeland,green
"Hello, I want meadows to be the color of blue",rangeland,blue
"Hello, I want meadows to be the color of white",rangeland,white
"Hello, I want meadows to be the color of",rangeland,None
"Hello, I want forest to be the color of cyan",forest,cyan
"Hello, I want forest to be the color of yellow",forest,yellow
"Hello, I want forest to be the color of magenta",forest,magenta
"Hello, I want forest to be the color of green",forest,green
"Hello, I want forest to be the color of blue",forest,blue
"Hello, I want forest to be the color of white",forest,white
"Hello, I want forest to be the color of",forest,None
"Hello, I want forests to be the color of cyan",forest,cyan
"Hello, I want forests to be the color of yellow",forest,yellow
"Hello, I want forests to be the color of magenta",forest,magenta
"Hello, I want forests to be the color of green",forest,green
"Hello, I want forests to be the color of blue",forest,blue
"Hello, I want forests to be the color of white",forest,white
"Hello, I want forests to be the color of",forest,None
"Hello, I want forested areas to be the color of cyan",forest,cyan
"Hello, I want forested areas to be the color of yellow",forest,yellow
"Hello, I want forested areas to be the color of magenta",forest,magenta
"Hello, I want forested areas to be the color of green",forest,green
"Hello, I want forested areas to be the color of blue",forest,blue
"Hello, I want forested areas to be the color of white",forest,white
"Hello, I want forested areas to be the color of",forest,None
"Hello, I want woodland to be the color of cyan",forest,cyan
"Hello, I want woodland to be the color of yellow",forest,yellow
"Hello, I want woodland to be the color of magenta",forest,magenta
"Hello, I want woodland to be the color of green",forest,green
"Hello, I want woodland to be the color of blue",forest,blue
"Hello, I want woodland to be the color of white",forest,white
"Hello, I want woodland to be the color of",forest,None
"Hello, I want forest regions to be the color of cyan",forest,cyan
"Hello, I want forest regions to be the color of yellow",forest,yellow
"Hello, I want forest regions to be the color of magenta",forest,magenta
"Hello, I want forest regions to be the color of green",forest,green
"Hello, I want forest regions to be the color of blue",forest,blue
"Hello, I want forest regions to be the color of white",forest,white
"Hello, I want forest regions to be the color of",forest,None
"Hello, I want water to be the color of cyan",water,cyan
"Hello, I want water to be the color of yellow",water,yellow
"Hello, I want water to be the color of magenta",water,magenta
"Hello, I want water to be the color of green",water,green
"Hello, I want water to be the color of blue",water,blue
"Hello, I want water to be the color of white",water,white
"Hello, I want water to be the color of",water,None
"Hello, I want water bodies to be the color of cyan",water,cyan
"Hello, I want water bodies to be the color of yellow",water,yellow
"Hello, I want water bodies to be the color of magenta",water,magenta
"Hello, I want water bodies to be the color of green",water,green
"Hello, I want water bodies to be the color of blue",water,blue
"Hello, I want water bodies to be the color of white",water,white
"Hello, I want water bodies to be the color of",water,None
"Hello, I want lakes to be the color of cyan",water,cyan
"Hello, I want lakes to be the color of yellow",water,yellow
"Hello, I want lakes to be the color of magenta",water,magenta
"Hello, I want lakes to be the color of green",water,green
"Hello, I want lakes to be the color of blue",water,blue
"Hello, I want lakes to be the color of white",water,white
"Hello, I want lakes to be the color of",water,None
"Hello, I want rivers to be the color of cyan",water,cyan
"Hello, I want rivers to be the color of yellow",water,yellow
"Hello, I want rivers to be the color of magenta",water,magenta
"Hello, I want rivers to be the color of green",water,green
"Hello, I want rivers to be the color of blue",water,blue
"Hello, I want rivers to be the color of white",water,white
"Hello, I want rivers to be the color of",water,None
"Hello, I want water areas to be the color of cyan",water,cyan
"Hello, I want water areas to be the color of yellow",water,yellow
"Hello, I want water areas to be the color of magenta",water,magenta
"Hello, I want water areas to be the color of green",water,green
"Hello, I want water areas to be the color of blue",water,blue
"Hello, I want water areas to be the color of white",water,white
"Hello, I want water areas to be the color of",water,None
"Hello, I want barren to be the color of cyan",barren,cyan
"Hello, I want barren to be the color of yellow",barren,yellow
"Hello, I want barren to be the color of magenta",barren,magenta
"Hello, I want barren to be the color of green",barren,green
"Hello, I want barren to be the color of blue",barren,blue
"Hello, I want barren to be the color of white",barren,white
"Hello, I want barren to be the color of",barren,None
"Hello, I want desert to be the color of cyan",barren,cyan
"Hello, I want desert to be the color of yellow",barren,yellow
"Hello, I want desert to be the color of magenta",barren,magenta
"Hello, I want desert to be the color of green",barren,green
"Hello, I want desert to be the color of blue",barren,blue
"Hello, I want desert to be the color of white",barren,white
"Hello, I want desert to be the color of",barren,None
"Hello, I want arid land to be the color of cyan",barren,cyan
"Hello, I want arid land to be the color of yellow",barren,yellow
"Hello, I want arid land to be the color of magenta",barren,magenta
"Hello, I want arid land to be the color of green",barren,green
"Hello, I want arid land to be the color of blue",barren,blue
"Hello, I want arid land to be the color of white",barren,white
"Hello, I want arid land to be the color of",barren,None
"Hello, I want barren areas to be the color of cyan",barren,cyan
"Hello, I want barren areas to be the color of yellow",barren,yellow
"Hello, I want barren areas to be the color of magenta",barren,magenta
"Hello, I want barren areas to be the color of green",barren,green
"Hello, I want barren areas to be the color of blue",barren,blue
"Hello, I want barren areas to be the color of white",barren,white
"Hello, I want barren areas to be the color of",barren,None
"Hello, I want wasteland to be the color of cyan",barren,cyan
"Hello, I want wasteland to be the color of yellow",barren,yellow
"Hello, I want wasteland to be the color of magenta",barren,magenta
"Hello, I want wasteland to be the color of green",barren,green
"Hello, I want wasteland to be the color of blue",barren,blue
"Hello, I want wasteland to be the color of white",barren,white
"Hello, I want wasteland to be the color of",barren,None
Can you highlight the urban using cyan,urban,cyan
Can you highlight the urban using yellow,urban,yellow
Can you highlight the urban using magenta,urban,magenta
Can you highlight the urban using green,urban,green
Can you highlight the urban using blue,urban,blue
Can you highlight the urban using white,urban,white
Can you highlight the urban using,urban,None
Can you highlight the urbans using cyan,urban,cyan
Can you highlight the urbans using yellow,urban,yellow
Can you highlight the urbans using magenta,urban,magenta
Can you highlight the urbans using green,urban,green
Can you highlight the urbans using blue,urban,blue
Can you highlight the urbans using white,urban,white
Can you highlight the urbans using,urban,None
Can you highlight the urban areas using cyan,urban,cyan
Can you highlight the urban areas using yellow,urban,yellow
Can you highlight the urban areas using magenta,urban,magenta
Can you highlight the urban areas using green,urban,green
Can you highlight the urban areas using blue,urban,blue
Can you highlight the urban areas using white,urban,white
Can you highlight the urban areas using,urban,None
Can you highlight the cities using cyan,urban,cyan
Can you highlight the cities using yellow,urban,yellow
Can you highlight the cities using magenta,urban,magenta
Can you highlight the cities using green,urban,green
Can you highlight the cities using blue,urban,blue
Can you highlight the cities using white,urban,white
Can you highlight the cities using,urban,None
Can you highlight the city areas using cyan,urban,cyan
Can you highlight the city areas using yellow,urban,yellow
Can you highlight the city areas using magenta,urban,magenta
Can you highlight the city areas using green,urban,green
Can you highlight the city areas using blue,urban,blue
Can you highlight the city areas using white,urban,white
Can you highlight the city areas using,urban,None
Can you highlight the urban regions using cyan,urban,cyan
Can you highlight the urban regions using yellow,urban,yellow
Can you highlight the urban regions using magenta,urban,magenta
Can you highlight the urban regions using green,urban,green
Can you highlight the urban regions using blue,urban,blue
Can you highlight the urban regions using white,urban,white
Can you highlight the urban regions using,urban,None
Can you highlight the agriculture using cyan,agriculture,cyan
Can you highlight the agriculture using yellow,agriculture,yellow
Can you highlight the agriculture using magenta,agriculture,magenta
Can you highlight the agriculture using green,agriculture,green
Can you highlight the agriculture using blue,agriculture,blue
Can you highlight the agriculture using white,agriculture,white
Can you highlight the agriculture using,agriculture,None
Can you highlight the agricultures using cyan,agriculture,cyan
Can you highlight the agricultures using yellow,agriculture,yellow
Can you highlight the agricultures using magenta,agriculture,magenta
Can you highlight the agricultures using green,agriculture,green
Can you highlight the agricultures using blue,agriculture,blue
Can you highlight the agricultures using white,agriculture,white
Can you highlight the agricultures using,agriculture,None
Can you highlight the farm using cyan,agriculture,cyan
Can you highlight the farm using yellow,agriculture,yellow
Can you highlight the farm using magenta,agriculture,magenta
Can you highlight the farm using green,agriculture,green
Can you highlight the farm using blue,agriculture,blue
Can you highlight the farm using white,agriculture,white
Can you highlight the farm using,agriculture,None
Can you highlight the agricultural areas using cyan,agriculture,cyan
Can you highlight the agricultural areas using yellow,agriculture,yellow
Can you highlight the agricultural areas using magenta,agriculture,magenta
Can you highlight the agricultural areas using green,agriculture,green
Can you highlight the agricultural areas using blue,agriculture,blue
Can you highlight the agricultural areas using white,agriculture,white
Can you highlight the agricultural areas using,agriculture,None
Can you highlight the farmland using cyan,agriculture,cyan
Can you highlight the farmland using yellow,agriculture,yellow
Can you highlight the farmland using magenta,agriculture,magenta
Can you highlight the farmland using green,agriculture,green
Can you highlight the farmland using blue,agriculture,blue
Can you highlight the farmland using white,agriculture,white
Can you highlight the farmland using,agriculture,None
Can you highlight the farming areas using cyan,agriculture,cyan
Can you highlight the farming areas using yellow,agriculture,yellow
Can you highlight the farming areas using magenta,agriculture,magenta
Can you highlight the farming areas using green,agriculture,green
Can you highlight the farming areas using blue,agriculture,blue
Can you highlight the farming areas using white,agriculture,white
Can you highlight the farming areas using,agriculture,None
Can you highlight the crops using cyan,agriculture,cyan
Can you highlight the crops using yellow,agriculture,yellow
Can you highlight the crops using magenta,agriculture,magenta
Can you highlight the crops using green,agriculture,green
Can you highlight the crops using blue,agriculture,blue
Can you highlight the crops using white,agriculture,white
Can you highlight the crops using,agriculture,None
Can you highlight the rangeland using cyan,rangeland,cyan
Can you highlight the rangeland using yellow,rangeland,yellow
Can you highlight the rangeland using magenta,rangeland,magenta
Can you highlight the rangeland using green,rangeland,green
Can you highlight the rangeland using blue,rangeland,blue
Can you highlight the rangeland using white,rangeland,white
Can you highlight the rangeland using,rangeland,None
Can you highlight the grassland using cyan,rangeland,cyan
Can you highlight the grassland using yellow,rangeland,yellow
Can you highlight the grassland using magenta,rangeland,magenta
Can you highlight the grassland using green,rangeland,green
Can you highlight the grassland using blue,rangeland,blue
Can you highlight the grassland using white,rangeland,white
Can you highlight the grassland using,rangeland,None
Can you highlight the pastures using cyan,rangeland,cyan
Can you highlight the pastures using yellow,rangeland,yellow
Can you highlight the pastures using magenta,rangeland,magenta
Can you highlight the pastures using green,rangeland,green
Can you highlight the pastures using blue,rangeland,blue
Can you highlight the pastures using white,rangeland,white
Can you highlight the pastures using,rangeland,None
Can you highlight the grazing areas using cyan,rangeland,cyan
Can you highlight the grazing areas using yellow,rangeland,yellow
Can you highlight the grazing areas using magenta,rangeland,magenta
Can you highlight the grazing areas using green,rangeland,green
Can you highlight the grazing areas using blue,rangeland,blue
Can you highlight the grazing areas using white,rangeland,white
Can you highlight the grazing areas using,rangeland,None
Can you highlight the meadows using cyan,rangeland,cyan
Can you highlight the meadows using yellow,rangeland,yellow
Can you highlight the meadows using magenta,rangeland,magenta
Can you highlight the meadows using green,rangeland,green
Can you highlight the meadows using blue,rangeland,blue
Can you highlight the meadows using white,rangeland,white
Can you highlight the meadows using,rangeland,None
Can you highlight the forest using cyan,forest,cyan
Can you highlight the forest using yellow,forest,yellow
Can you highlight the forest using magenta,forest,magenta
Can you highlight the forest using green,forest,green
Can you highlight the forest using blue,forest,blue
Can you highlight the forest using white,forest,white
Can you highlight the forest using,forest,None
Can you highlight the forests using cyan,forest,cyan
Can you highlight the forests using yellow,forest,yellow
Can you highlight the forests using magenta,forest,magenta
Can you highlight the forests using green,forest,green
Can you highlight the forests using blue,forest,blue
Can you highlight the forests using white,forest,white
Can you highlight the forests using,forest,None
Can you highlight the forested areas using cyan,forest,cyan
Can you highlight the forested areas using yellow,forest,yellow
Can you highlight the forested areas using magenta,forest,magenta
Can you highlight the forested areas using green,forest,green
Can you highlight the forested areas using blue,forest,blue
Can you highlight the forested areas using white,forest,white
Can you highlight the forested areas using,forest,None
Can you highlight the woodland using cyan,forest,cyan
Can you highlight the woodland using yellow,forest,yellow
Can you highlight the woodland using magenta,forest,magenta
Can you highlight the woodland using green,forest,green
Can you highlight the woodland using blue,forest,blue
Can you highlight the woodland using white,forest,white
Can you highlight the woodland using,forest,None
Can you highlight the forest regions using cyan,forest,cyan
Can you highlight the forest regions using yellow,forest,yellow
Can you highlight the forest regions using magenta,forest,magenta
Can you highlight the forest regions using green,forest,green
Can you highlight the forest regions using blue,forest,blue
Can you highlight the forest regions using white,forest,white
Can you highlight the forest regions using,forest,None
Can you highlight the water using cyan,water,cyan
Can you highlight the water using yellow,water,yellow
Can you highlight the water using magenta,water,magenta
Can you highlight the water using green,water,green
Can you highlight the water using blue,water,blue
Can you highlight the water using white,water,white
Can you highlight the water using,water,None
Can you highlight the water bodies using cyan,water,cyan
Can you highlight the water bodies using yellow,water,yellow
Can you highlight the water bodies using magenta,water,magenta
Can you highlight the water bodies using green,water,green
Can you highlight the water bodies using blue,water,blue
Can you highlight the water bodies using white,water,white
Can you highlight the water bodies using,water,None
Can you highlight the lakes using cyan,water,cyan
Can you highlight the lakes using yellow,water,yellow
Can you highlight the lakes using magenta,water,magenta
Can you highlight the lakes using green,water,green
Can you highlight the lakes using blue,water,blue
Can you highlight the lakes using white,water,white
Can you highlight the lakes using,water,None
Can you highlight the rivers using cyan,water,cyan
Can you highlight the rivers using yellow,water,yellow
Can you highlight the rivers using magenta,water,magenta
Can you highlight the rivers using green,water,green
Can you highlight the rivers using blue,water,blue
Can you highlight the rivers using white,water,white
Can you highlight the rivers using,water,None
Can you highlight the water areas using cyan,water,cyan
Can you highlight the water areas using yellow,water,yellow
Can you highlight the water areas using magenta,water,magenta
Can you highlight the water areas using green,water,green
Can you highlight the water areas using blue,water,blue
Can you highlight the water areas using white,water,white
Can you highlight the water areas using,water,None
Can you highlight the barren using cyan,barren,cyan
Can you highlight the barren using yellow,barren,yellow
Can you highlight the barren using magenta,barren,magenta
Can you highlight the barren using green,barren,green
Can you highlight the barren using blue,barren,blue
Can you highlight the barren using white,barren,white
Can you highlight the barren using,barren,None
Can you highlight the desert using cyan,barren,cyan
Can you highlight the desert using yellow,barren,yellow
Can you highlight the desert using magenta,barren,magenta
Can you highlight the desert using green,barren,green
Can you highlight the desert using blue,barren,blue
Can you highlight the desert using white,barren,white
Can you highlight the desert using,barren,None
Can you highlight the arid land using cyan,barren,cyan
Can you highlight the arid land using yellow,barren,yellow
Can you highlight the arid land using magenta,barren,magenta
Can you highlight the arid land using green,barren,green
Can you highlight the arid land using blue,barren,blue
Can you highlight the arid land using white,barren,white
Can you highlight the arid land using,barren,None
Can you highlight the barren areas using cyan,barren,cyan
Can you highlight the barren areas using yellow,barren,yellow
Can you highlight the barren areas using magenta,barren,magenta
Can you highlight the barren areas using green,barren,green
Can you highlight the barren areas using blue,barren,blue
Can you highlight the barren areas using white,barren,white
Can you highlight the barren areas using,barren,None
Can you highlight the wasteland using cyan,barren,cyan
Can you highlight the wasteland using yellow,barren,yellow
Can you highlight the wasteland using magenta,barren,magenta
Can you highlight the wasteland using green,barren,green
Can you highlight the wasteland using blue,barren,blue
Can you highlight the wasteland using white,barren,white
Can you highlight the wasteland using,barren,None
Make the urban appear in cyan,urban,cyan
Make the urban appear in yellow,urban,yellow
Make the urban appear in magenta,urban,magenta
Make the urban appear in green,urban,green
Make the urban appear in blue,urban,blue
Make the urban appear in white,urban,white
Make the urban appear in,urban,None
Make the urbans appear in cyan,urban,cyan
Make the urbans appear in yellow,urban,yellow
Make the urbans appear in magenta,urban,magenta
Make the urbans appear in green,urban,green
Make the urbans appear in blue,urban,blue
Make the urbans appear in white,urban,white
Make the urbans appear in,urban,None
Make the urban areas appear in cyan,urban,cyan
Make the urban areas appear in yellow,urban,yellow
Make the urban areas appear in magenta,urban,magenta
Make the urban areas appear in green,urban,green
Make the urban areas appear in blue,urban,blue
Make the urban areas appear in white,urban,white
Make the urban areas appear in,urban,None
Make the cities appear in cyan,urban,cyan
Make the cities appear in yellow,urban,yellow
Make the cities appear in magenta,urban,magenta
Make the cities appear in green,urban,green
Make the cities appear in blue,urban,blue
Make the cities appear in white,urban,white
Make the cities appear in,urban,None
Make the city areas appear in cyan,urban,cyan
Make the city areas appear in yellow,urban,yellow
Make the city areas appear in magenta,urban,magenta
Make the city areas appear in green,urban,green
Make the city areas appear in blue,urban,blue
Make the city areas appear in white,urban,white
Make the city areas appear in,urban,None
Make the urban regions appear in cyan,urban,cyan
Make the urban regions appear in yellow,urban,yellow
Make the urban regions appear in magenta,urban,magenta
Make the urban regions appear in green,urban,green
Make the urban regions appear in blue,urban,blue
Make the urban regions appear in white,urban,white
Make the urban regions appear in,urban,None
Make the agriculture appear in cyan,agriculture,cyan
Make the agriculture appear in yellow,agriculture,yellow
Make the agriculture appear in magenta,agriculture,magenta
Make the agriculture appear in green,agriculture,green
Make the agriculture appear in blue,agriculture,blue
Make the agriculture appear in white,agriculture,white
Make the agriculture appear in,agriculture,None
Make the agricultures appear in cyan,agriculture,cyan
Make the agricultures appear in yellow,agriculture,yellow
Make the agricultures appear in magenta,agriculture,magenta
Make the agricultures appear in green,agriculture,green
Make the agricultures appear in blue,agriculture,blue
Make the agricultures appear in white,agriculture,white
Make the agricultures appear in,agriculture,None
Make the farm appear in cyan,agriculture,cyan
Make the farm appear in yellow,agriculture,yellow
Make the farm appear in magenta,agriculture,magenta
Make the farm appear in green,agriculture,green
Make the farm appear in blue,agriculture,blue
Make the farm appear in white,agriculture,white
Make the farm appear in,agriculture,None
Make the agricultural areas appear in cyan,agriculture,cyan
Make the agricultural areas appear in yellow,agriculture,yellow
Make the agricultural areas appear in magenta,agriculture,magenta
Make the agricultural areas appear in green,agriculture,green
Make the agricultural areas appear in blue,agriculture,blue
Make the agricultural areas appear in white,agriculture,white
Make the agricultural areas appear in,agriculture,None
Make the farmland appear in cyan,agriculture,cyan
Make the farmland appear in yellow,agriculture,yellow
Make the farmland appear in magenta,agriculture,magenta
Make the farmland appear in green,agriculture,green
Make the farmland appear in blue,agriculture,blue
Make the farmland appear in white,agriculture,white
Make the farmland appear in,agriculture,None
Make the farming areas appear in cyan,agriculture,cyan
Make the farming areas appear in yellow,agriculture,yellow
Make the farming areas appear in magenta,agriculture,magenta
Make the farming areas appear in green,agriculture,green
Make the farming areas appear in blue,agriculture,blue
Make the farming areas appear in white,agriculture,white
Make the farming areas appear in,agriculture,None
Make the crops appear in cyan,agriculture,cyan
Make the crops appear in yellow,agriculture,yellow
Make the crops appear in magenta,agriculture,magenta
Make the crops appear in green,agriculture,green
Make the crops appear in blue,agriculture,blue
Make the crops appear in white,agriculture,white
Make the crops appear in,agriculture,None
Make the rangeland appear in cyan,rangeland,cyan
Make the rangeland appear in yellow,rangeland,yellow
Make the rangeland appear in magenta,rangeland,magenta
Make the rangeland appear in green,rangeland,green
Make the rangeland appear in blue,rangeland,blue
Make the rangeland appear in white,rangeland,white
Make the rangeland appear in,rangeland,None
Make the grassland appear in cyan,rangeland,cyan
Make the grassland appear in yellow,rangeland,yellow
Make the grassland appear in magenta,rangeland,magenta
Make the grassland appear in green,rangeland,green
Make the grassland appear in blue,rangeland,blue
Make the grassland appear in white,rangeland,white
Make the grassland appear in,rangeland,None
Make the pastures appear in cyan,rangeland,cyan
Make the pastures appear in yellow,rangeland,yellow
Make the pastures appear in magenta,rangeland,magenta
Make the pastures appear in green,rangeland,green
Make the pastures appear in blue,rangeland,blue
Make the pastures appear in white,rangeland,white
Make the pastures appear in,rangeland,None
Make the grazing areas appear in cyan,rangeland,cyan
Make the grazing areas appear in yellow,rangeland,yellow
Make the grazing areas appear in magenta,rangeland,magenta
Make the grazing areas appear in green,rangeland,green
Make the grazing areas appear in blue,rangeland,blue
Make the grazing areas appear in white,rangeland,white
Make the grazing areas appear in,rangeland,None
Make the meadows appear in cyan,rangeland,cyan
Make the meadows appear in yellow,rangeland,yellow
Make the meadows appear in magenta,rangeland,magenta
Make the meadows appear in green,rangeland,green
Make the meadows appear in blue,rangeland,blue
Make the meadows appear in white,rangeland,white
Make the meadows appear in,rangeland,None
Make the forest appear in cyan,forest,cyan
Make the forest appear in yellow,forest,yellow
Make the forest appear in magenta,forest,magenta
Make the forest appear in green,forest,green
Make the forest appear in blue,forest,blue
Make the forest appear in white,forest,white
Make the forest appear in,forest,None
Make the forests appear in cyan,forest,cyan
Make the forests appear in yellow,forest,yellow
Make the forests appear in magenta,forest,magenta
Make the forests appear in green,forest,green
Make the forests appear in blue,forest,blue
Make the forests appear in white,forest,white
Make the forests appear in,forest,None
Make the forested areas appear in cyan,forest,cyan
Make the forested areas appear in yellow,forest,yellow
Make the forested areas appear in magenta,forest,magenta
Make the forested areas appear in green,forest,green
Make the forested areas appear in blue,forest,blue
Make the forested areas appear in white,forest,white
Make the forested areas appear in,forest,None
Make the woodland appear in cyan,forest,cyan
Make the woodland appear in yellow,forest,yellow
Make the woodland appear in magenta,forest,magenta
Make the woodland appear in green,forest,green
Make the woodland appear in blue,forest,blue
Make the woodland appear in white,forest,white
Make the woodland appear in,forest,None
Make the forest regions appear in cyan,forest,cyan
Make the forest regions appear in yellow,forest,yellow
Make the forest regions appear in magenta,forest,magenta
Make the forest regions appear in green,forest,green
Make the forest regions appear in blue,forest,blue
Make the forest regions appear in white,forest,white
Make the forest regions appear in,forest,None
Make the water appear in cyan,water,cyan
Make the water appear in yellow,water,yellow
Make the water appear in magenta,water,magenta
Make the water appear in green,water,green
Make the water appear in blue,water,blue
Make the water appear in white,water,white
Make the water appear in,water,None
Make the water bodies appear in cyan,water,cyan
Make the water bodies appear in yellow,water,yellow
Make the water bodies appear in magenta,water,magenta
Make the water bodies appear in green,water,green
Make the water bodies appear in blue,water,blue
Make the water bodies appear in white,water,white
Make the water bodies appear in,water,None
Make the lakes appear in cyan,water,cyan
Make the lakes appear in yellow,water,yellow
Make the lakes appear in magenta,water,magenta
Make the lakes appear in green,water,green
Make the lakes appear in blue,water,blue
Make the lakes appear in white,water,white
Make the lakes appear in,water,None
Make the rivers appear in cyan,water,cyan
Make the rivers appear in yellow,water,yellow
Make the rivers appear in magenta,water,magenta
Make the rivers appear in green,water,green
Make the rivers appear in blue,water,blue
Make the rivers appear in white,water,white
Make the rivers appear in,water,None
Make the water areas appear in cyan,water,cyan
Make the water areas appear in yellow,water,yellow
Make the water areas appear in magenta,water,magenta
Make the water areas appear in green,water,green
Make the water areas appear in blue,water,blue
Make the water areas appear in white,water,white
Make the water areas appear in,water,None
Make the barren appear in cyan,barren,cyan
Make the barren appear in yellow,barren,yellow
Make the barren appear in magenta,barren,magenta
Make the barren appear in green,barren,green
Make the barren appear in blue,barren,blue
Make the barren appear in white,barren,white
Make the barren appear in,barren,None
Make the desert appear in cyan,barren,cyan
Make the desert appear in yellow,barren,yellow
Make the desert appear in magenta,barren,magenta
Make the desert appear in green,barren,green
Make the desert appear in blue,barren,blue
Make the desert appear in white,barren,white
Make the desert appear in,barren,None
Make the arid land appear in cyan,barren,cyan
Make the arid land appear in yellow,barren,yellow
Make the arid land appear in magenta,barren,magenta
Make the arid land appear in green,barren,green
Make the arid land appear in blue,barren,blue
Make the arid land appear in white,barren,white
Make the arid land appear in,barren,None
Make the barren areas appear in cyan,barren,cyan
Make the barren areas appear in yellow,barren,yellow
Make the barren areas appear in magenta,barren,magenta
Make the barren areas appear in green,barren,green
Make the barren areas appear in blue,barren,blue
Make the barren areas appear in white,barren,white
Make the barren areas appear in,barren,None
Make the wasteland appear in cyan,barren,cyan
Make the wasteland appear in yellow,barren,yellow
Make the wasteland appear in magenta,barren,magenta
Make the wasteland appear in green,barren,green
Make the wasteland appear in blue,barren,blue
Make the wasteland appear in white,barren,white
Make the wasteland appear in,barren,None
Do the urban appear in cyan,urban,cyan
Do the urban appear in yellow,urban,yellow
Do the urban appear in magenta,urban,magenta
Do the urban appear in green,urban,green
Do the urban appear in blue,urban,blue
Do the urban appear in white,urban,white
Do the urban appear in,urban,None
Do the urbans appear in cyan,urban,cyan
Do the urbans appear in yellow,urban,yellow
Do the urbans appear in magenta,urban,magenta
Do the urbans appear in green,urban,green
Do the urbans appear in blue,urban,blue
Do the urbans appear in white,urban,white
Do the urbans appear in,urban,None
Do the urban areas appear in cyan,urban,cyan
Do the urban areas appear in yellow,urban,yellow
Do the urban areas appear in magenta,urban,magenta
Do the urban areas appear in green,urban,green
Do the urban areas appear in blue,urban,blue
Do the urban areas appear in white,urban,white
Do the urban areas appear in,urban,None
Do the cities appear in cyan,urban,cyan
Do the cities appear in yellow,urban,yellow
Do the cities appear in magenta,urban,magenta
Do the cities appear in green,urban,green
Do the cities appear in blue,urban,blue
Do the cities appear in white,urban,white
Do the cities appear in,urban,None
Do the city areas appear in cyan,urban,cyan
Do the city areas appear in yellow,urban,yellow
Do the city areas appear in magenta,urban,magenta
Do the city areas appear in green,urban,green
Do the city areas appear in blue,urban,blue
Do the city areas appear in white,urban,white
Do the city areas appear in,urban,None
Do the urban regions appear in cyan,urban,cyan
Do the urban regions appear in yellow,urban,yellow
Do the urban regions appear in magenta,urban,magenta
Do the urban regions appear in green,urban,green
Do the urban regions appear in blue,urban,blue
Do the urban regions appear in white,urban,white
Do the urban regions appear in,urban,None
Do the agriculture appear in cyan,agriculture,cyan
Do the agriculture appear in yellow,agriculture,yellow
Do the agriculture appear in magenta,agriculture,magenta
Do the agriculture appear in green,agriculture,green
Do the agriculture appear in blue,agriculture,blue
Do the agriculture appear in white,agriculture,white
Do the agriculture appear in,agriculture,None
Do the agricultures appear in cyan,agriculture,cyan
Do the agricultures appear in yellow,agriculture,yellow
Do the agricultures appear in magenta,agriculture,magenta
Do the agricultures appear in green,agriculture,green
Do the agricultures appear in blue,agriculture,blue
Do the agricultures appear in white,agriculture,white
Do the agricultures appear in,agriculture,None
Do the farm appear in cyan,agriculture,cyan
Do the farm appear in yellow,agriculture,yellow
Do the farm appear in magenta,agriculture,magenta
Do the farm appear in green,agriculture,green
Do the farm appear in blue,agriculture,blue
Do the farm appear in white,agriculture,white
Do the farm appear in,agriculture,None
Do the agricultural areas appear in cyan,agriculture,cyan
Do the agricultural areas appear in yellow,agriculture,yellow
Do the agricultural areas appear in magenta,agriculture,magenta
Do the agricultural areas appear in green,agriculture,green
Do the agricultural areas appear in blue,agriculture,blue
Do the agricultural areas appear in white,agriculture,white
Do the agricultural areas appear in,agriculture,None
Do the farmland appear in cyan,agriculture,cyan
Do the farmland appear in yellow,agriculture,yellow
Do the farmland appear in magenta,agriculture,magenta
Do the farmland appear in green,agriculture,green
Do the farmland appear in blue,agriculture,blue
Do the farmland appear in white,agriculture,white
Do the farmland appear in,agriculture,None
Do the farming areas appear in cyan,agriculture,cyan
Do the farming areas appear in yellow,agriculture,yellow
Do the farming areas appear in magenta,agriculture,magenta
Do the farming areas appear in green,agriculture,green
Do the farming areas appear in blue,agriculture,blue
Do the farming areas appear in white,agriculture,white
Do the farming areas appear in,agriculture,None
Do the crops appear in cyan,agriculture,cyan
Do the crops appear in yellow,agriculture,yellow
Do the crops appear in magenta,agriculture,magenta
Do the crops appear in green,agriculture,green
Do the crops appear in blue,agriculture,blue
Do the crops appear in white,agriculture,white
Do the crops appear in,agriculture,None
Do the rangeland appear in cyan,rangeland,cyan
Do the rangeland appear in yellow,rangeland,yellow
Do the rangeland appear in magenta,rangeland,magenta
Do the rangeland appear in green,rangeland,green
Do the rangeland appear in blue,rangeland,blue
Do the rangeland appear in white,rangeland,white
Do the rangeland appear in,rangeland,None
Do the grassland appear in cyan,rangeland,cyan
Do the grassland appear in yellow,rangeland,yellow
Do the grassland appear in magenta,rangeland,magenta
Do the grassland appear in green,rangeland,green
Do the grassland appear in blue,rangeland,blue
Do the grassland appear in white,rangeland,white
Do the grassland appear in,rangeland,None
Do the pastures appear in cyan,rangeland,cyan
Do the pastures appear in yellow,rangeland,yellow
Do the pastures appear in magenta,rangeland,magenta
Do the pastures appear in green,rangeland,green
Do the pastures appear in blue,rangeland,blue
Do the pastures appear in white,rangeland,white
Do the pastures appear in,rangeland,None
Do the grazing areas appear in cyan,rangeland,cyan
Do the grazing areas appear in yellow,rangeland,yellow
Do the grazing areas appear in magenta,rangeland,magenta
Do the grazing areas appear in green,rangeland,green
Do the grazing areas appear in blue,rangeland,blue
Do the grazing areas appear in white,rangeland,white
Do the grazing areas appear in,rangeland,None
Do the meadows appear in cyan,rangeland,cyan
Do the meadows appear in yellow,rangeland,yellow
Do the meadows appear in magenta,rangeland,magenta
Do the meadows appear in green,rangeland,green
Do the meadows appear in blue,rangeland,blue
Do the meadows appear in white,rangeland,white
Do the meadows appear in,rangeland,None
Do the forest appear in cyan,forest,cyan
Do the forest appear in yellow,forest,yellow
Do the forest appear in magenta,forest,magenta
Do the forest appear in green,forest,green
Do the forest appear in blue,forest,blue
Do the forest appear in white,forest,white
Do the forest appear in,forest,None
Do the forests appear in cyan,forest,cyan
Do the forests appear in yellow,forest,yellow
Do the forests appear in magenta,forest,magenta
Do the forests appear in green,forest,green
Do the forests appear in blue,forest,blue
Do the forests appear in white,forest,white
Do the forests appear in,forest,None
Do the forested areas appear in cyan,forest,cyan
Do the forested areas appear in yellow,forest,yellow
Do the forested areas appear in magenta,forest,magenta
Do the forested areas appear in green,forest,green
Do the forested areas appear in blue,forest,blue
Do the forested areas appear in white,forest,white
Do the forested areas appear in,forest,None
Do the woodland appear in cyan,forest,cyan
Do the woodland appear in yellow,forest,yellow
Do the woodland appear in magenta,forest,magenta
Do the woodland appear in green,forest,green
Do the woodland appear in blue,forest,blue
Do the woodland appear in white,forest,white
Do the woodland appear in,forest,None
Do the forest regions appear in cyan,forest,cyan
Do the forest regions appear in yellow,forest,yellow
Do the forest regions appear in magenta,forest,magenta
Do the forest regions appear in green,forest,green
Do the forest regions appear in blue,forest,blue
Do the forest regions appear in white,forest,white
Do the forest regions appear in,forest,None
Do the water appear in cyan,water,cyan
Do the water appear in yellow,water,yellow
Do the water appear in magenta,water,magenta
Do the water appear in green,water,green
Do the water appear in blue,water,blue
Do the water appear in white,water,white
Do the water appear in,water,None
Do the water bodies appear in cyan,water,cyan
Do the water bodies appear in yellow,water,yellow
Do the water bodies appear in magenta,water,magenta
Do the water bodies appear in green,water,green
Do the water bodies appear in blue,water,blue
Do the water bodies appear in white,water,white
Do the water bodies appear in,water,None
Do the lakes appear in cyan,water,cyan
Do the lakes appear in yellow,water,yellow
Do the lakes appear in magenta,water,magenta
Do the lakes appear in green,water,green
Do the lakes appear in blue,water,blue
Do the lakes appear in white,water,white
Do the lakes appear in,water,None
Do the rivers appear in cyan,water,cyan
Do the rivers appear in yellow,water,yellow
Do the rivers appear in magenta,water,magenta
Do the rivers appear in green,water,green
Do the rivers appear in blue,water,blue
Do the rivers appear in white,water,white
Do the rivers appear in,water,None
Do the water areas appear in cyan,water,cyan
Do the water areas appear in yellow,water,yellow
Do the water areas appear in magenta,water,magenta
Do the water areas appear in green,water,green
Do the water areas appear in blue,water,blue
Do the water areas appear in white,water,white
Do the water areas appear in,water,None
Do the barren appear in cyan,barren,cyan
Do the barren appear in yellow,barren,yellow
Do the barren appear in magenta,barren,magenta
Do the barren appear in green,barren,green
Do the barren appear in blue,barren,blue
Do the barren appear in white,barren,white
Do the barren appear in,barren,None
Do the desert appear in cyan,barren,cyan
Do the desert appear in yellow,barren,yellow
Do the desert appear in magenta,barren,magenta
Do the desert appear in green,barren,green
Do the desert appear in blue,barren,blue
Do the desert appear in white,barren,white
Do the desert appear in,barren,None
Do the arid land appear in cyan,barren,cyan
Do the arid land appear in yellow,barren,yellow
Do the arid land appear in magenta,barren,magenta
Do the arid land appear in green,barren,green
Do the arid land appear in blue,barren,blue
Do the arid land appear in white,barren,white
Do the arid land appear in,barren,None
Do the barren areas appear in cyan,barren,cyan
Do the barren areas appear in yellow,barren,yellow
Do the barren areas appear in magenta,barren,magenta
Do the barren areas appear in green,barren,green
Do the barren areas appear in blue,barren,blue
Do the barren areas appear in white,barren,white
Do the barren areas appear in,barren,None
Do the wasteland appear in cyan,barren,cyan
Do the wasteland appear in yellow,barren,yellow
Do the wasteland appear in magenta,barren,magenta
Do the wasteland appear in green,barren,green
Do the wasteland appear in blue,barren,blue
Do the wasteland appear in white,barren,white
Do the wasteland appear in,barren,None
I would like to see the urban colored in cyan,urban,cyan
I would like to see the urban colored in yellow,urban,yellow
I would like to see the urban colored in magenta,urban,magenta
I would like to see the urban colored in green,urban,green
I would like to see the urban colored in blue,urban,blue
I would like to see the urban colored in white,urban,white
I would like to see the urban colored in,urban,None
I would like to see the urbans colored in cyan,urban,cyan
I would like to see the urbans colored in yellow,urban,yellow
I would like to see the urbans colored in magenta,urban,magenta
I would like to see the urbans colored in green,urban,green
I would like to see the urbans colored in blue,urban,blue
I would like to see the urbans colored in white,urban,white
I would like to see the urbans colored in,urban,None
I would like to see the urban areas colored in cyan,urban,cyan
I would like to see the urban areas colored in yellow,urban,yellow
I would like to see the urban areas colored in magenta,urban,magenta
I would like to see the urban areas colored in green,urban,green
I would like to see the urban areas colored in blue,urban,blue
I would like to see the urban areas colored in white,urban,white
I would like to see the urban areas colored in,urban,None
I would like to see the cities colored in cyan,urban,cyan
I would like to see the cities colored in yellow,urban,yellow
I would like to see the cities colored in magenta,urban,magenta
I would like to see the cities colored in green,urban,green
I would like to see the cities colored in blue,urban,blue
I would like to see the cities colored in white,urban,white
I would like to see the cities colored in,urban,None
I would like to see the city areas colored in cyan,urban,cyan
I would like to see the city areas colored in yellow,urban,yellow
I would like to see the city areas colored in magenta,urban,magenta
I would like to see the city areas colored in green,urban,green
I would like to see the city areas colored in blue,urban,blue
I would like to see the city areas colored in white,urban,white
I would like to see the city areas colored in,urban,None
I would like to see the urban regions colored in cyan,urban,cyan
I would like to see the urban regions colored in yellow,urban,yellow
I would like to see the urban regions colored in magenta,urban,magenta
I would like to see the urban regions colored in green,urban,green
I would like to see the urban regions colored in blue,urban,blue
I would like to see the urban regions colored in white,urban,white
I would like to see the urban regions colored in,urban,None
I would like to see the agriculture colored in cyan,agriculture,cyan
I would like to see the agriculture colored in yellow,agriculture,yellow
I would like to see the agriculture colored in magenta,agriculture,magenta
I would like to see the agriculture colored in green,agriculture,green
I would like to see the agriculture colored in blue,agriculture,blue
I would like to see the agriculture colored in white,agriculture,white
I would like to see the agriculture colored in,agriculture,None
I would like to see the agricultures colored in cyan,agriculture,cyan
I would like to see the agricultures colored in yellow,agriculture,yellow
I would like to see the agricultures colored in magenta,agriculture,magenta
I would like to see the agricultures colored in green,agriculture,green
I would like to see the agricultures colored in blue,agriculture,blue
I would like to see the agricultures colored in white,agriculture,white
I would like to see the agricultures colored in,agriculture,None
I would like to see the farm colored in cyan,agriculture,cyan
I would like to see the farm colored in yellow,agriculture,yellow
I would like to see the farm colored in magenta,agriculture,magenta
I would like to see the farm colored in green,agriculture,green
I would like to see the farm colored in blue,agriculture,blue
I would like to see the farm colored in white,agriculture,white
I would like to see the farm colored in,agriculture,None
I would like to see the agricultural areas colored in cyan,agriculture,cyan
I would like to see the agricultural areas colored in yellow,agriculture,yellow
I would like to see the agricultural areas colored in magenta,agriculture,magenta
I would like to see the agricultural areas colored in green,agriculture,green
I would like to see the agricultural areas colored in blue,agriculture,blue
I would like to see the agricultural areas colored in white,agriculture,white
I would like to see the agricultural areas colored in,agriculture,None
I would like to see the farmland colored in cyan,agriculture,cyan
I would like to see the farmland colored in yellow,agriculture,yellow
I would like to see the farmland colored in magenta,agriculture,magenta
I would like to see the farmland colored in green,agriculture,green
I would like to see the farmland colored in blue,agriculture,blue
I would like to see the farmland colored in white,agriculture,white
I would like to see the farmland colored in,agriculture,None
I would like to see the farming areas colored in cyan,agriculture,cyan
I would like to see the farming areas colored in yellow,agriculture,yellow
I would like to see the farming areas colored in magenta,agriculture,magenta
I would like to see the farming areas colored in green,agriculture,green
I would like to see the farming areas colored in blue,agriculture,blue
I would like to see the farming areas colored in white,agriculture,white
I would like to see the farming areas colored in,agriculture,None
I would like to see the crops colored in cyan,agriculture,cyan
I would like to see the crops colored in yellow,agriculture,yellow
I would like to see the crops colored in magenta,agriculture,magenta
I would like to see the crops colored in green,agriculture,green
I would like to see the crops colored in blue,agriculture,blue
I would like to see the crops colored in white,agriculture,white
I would like to see the crops colored in,agriculture,None
I would like to see the rangeland colored in cyan,rangeland,cyan
I would like to see the rangeland colored in yellow,rangeland,yellow
I would like to see the rangeland colored in magenta,rangeland,magenta
I would like to see the rangeland colored in green,rangeland,green
I would like to see the rangeland colored in blue,rangeland,blue
I would like to see the rangeland colored in white,rangeland,white
I would like to see the rangeland colored in,rangeland,None
I would like to see the grassland colored in cyan,rangeland,cyan
I would like to see the grassland colored in yellow,rangeland,yellow
I would like to see the grassland colored in magenta,rangeland,magenta
I would like to see the grassland colored in green,rangeland,green
I would like to see the grassland colored in blue,rangeland,blue
I would like to see the grassland colored in white,rangeland,white
I would like to see the grassland colored in,rangeland,None
I would like to see the pastures colored in cyan,rangeland,cyan
I would like to see the pastures colored in yellow,rangeland,yellow
I would like to see the pastures colored in magenta,rangeland,magenta
I would like to see the pastures colored in green,rangeland,green
I would like to see the pastures colored in blue,rangeland,blue
I would like to see the pastures colored in white,rangeland,white
I would like to see the pastures colored in,rangeland,None
I would like to see the grazing areas colored in cyan,rangeland,cyan
I would like to see the grazing areas colored in yellow,rangeland,yellow
I would like to see the grazing areas colored in magenta,rangeland,magenta
I would like to see the grazing areas colored in green,rangeland,green
I would like to see the grazing areas colored in blue,rangeland,blue
I would like to see the grazing areas colored in white,rangeland,white
I would like to see the grazing areas colored in,rangeland,None
I would like to see the meadows colored in cyan,rangeland,cyan
I would like to see the meadows colored in yellow,rangeland,yellow
I would like to see the meadows colored in magenta,rangeland,magenta
I would like to see the meadows colored in green,rangeland,green
I would like to see the meadows colored in blue,rangeland,blue
I would like to see the meadows colored in white,rangeland,white
I would like to see the meadows colored in,rangeland,None
I would like to see the forest colored in cyan,forest,cyan
I would like to see the forest colored in yellow,forest,yellow
I would like to see the forest colored in magenta,forest,magenta
I would like to see the forest colored in green,forest,green
I would like to see the forest colored in blue,forest,blue
I would like to see the forest colored in white,forest,white
I would like to see the forest colored in,forest,None
I would like to see the forests colored in cyan,forest,cyan
I would like to see the forests colored in yellow,forest,yellow
I would like to see the forests colored in magenta,forest,magenta
I would like to see the forests colored in green,forest,green
I would like to see the forests colored in blue,forest,blue
I would like to see the forests colored in white,forest,white
I would like to see the forests colored in,forest,None
I would like to see the forested areas colored in cyan,forest,cyan
I would like to see the forested areas colored in yellow,forest,yellow
I would like to see the forested areas colored in magenta,forest,magenta
I would like to see the forested areas colored in green,forest,green
I would like to see the forested areas colored in blue,forest,blue
I would like to see the forested areas colored in white,forest,white
I would like to see the forested areas colored in,forest,None
I would like to see the woodland colored in cyan,forest,cyan
I would like to see the woodland colored in yellow,forest,yellow
I would like to see the woodland colored in magenta,forest,magenta
I would like to see the woodland colored in green,forest,green
I would like to see the woodland colored in blue,forest,blue
I would like to see the woodland colored in white,forest,white
I would like to see the woodland colored in,forest,None
I would like to see the forest regions colored in cyan,forest,cyan
I would like to see the forest regions colored in yellow,forest,yellow
I would like to see the forest regions colored in magenta,forest,magenta
I would like to see the forest regions colored in green,forest,green
I would like to see the forest regions colored in blue,forest,blue
I would like to see the forest regions colored in white,forest,white
I would like to see the forest regions colored in,forest,None
I would like to see the water colored in cyan,water,cyan
I would like to see the water colored in yellow,water,yellow
I would like to see the water colored in magenta,water,magenta
I would like to see the water colored in green,water,green
I would like to see the water colored in blue,water,blue
I would like to see the water colored in white,water,white
I would like to see the water colored in,water,None
I would like to see the water bodies colored in cyan,water,cyan
I would like to see the water bodies colored in yellow,water,yellow
I would like to see the water bodies colored in magenta,water,magenta
I would like to see the water bodies colored in green,water,green
I would like to see the water bodies colored in blue,water,blue
I would like to see the water bodies colored in white,water,white
I would like to see the water bodies colored in,water,None
I would like to see the lakes colored in cyan,water,cyan
I would like to see the lakes colored in yellow,water,yellow
I would like to see the lakes colored in magenta,water,magenta
I would like to see the lakes colored in green,water,green
I would like to see the lakes colored in blue,water,blue
I would like to see the lakes colored in white,water,white
I would like to see the lakes colored in,water,None
I would like to see the rivers colored in cyan,water,cyan
I would like to see the rivers colored in yellow,water,yellow
I would like to see the rivers colored in magenta,water,magenta
I would like to see the rivers colored in green,water,green
I would like to see the rivers colored in blue,water,blue
I would like to see the rivers colored in white,water,white
I would like to see the rivers colored in,water,None
I would like to see the water areas colored in cyan,water,cyan
I would like to see the water areas colored in yellow,water,yellow
I would like to see the water areas colored in magenta,water,magenta
I would like to see the water areas colored in green,water,green
I would like to see the water areas colored in blue,water,blue
I would like to see the water areas colored in white,water,white
I would like to see the water areas colored in,water,None
I would like to see the barren colored in cyan,barren,cyan
I would like to see the barren colored in yellow,barren,yellow
I would like to see the barren colored in magenta,barren,magenta
I would like to see the barren colored in green,barren,green
I would like to see the barren colored in blue,barren,blue
I would like to see the barren colored in white,barren,white
I would like to see the barren colored in,barren,None
I would like to see the desert colored in cyan,barren,cyan
I would like to see the desert colored in yellow,barren,yellow
I would like to see the desert colored in magenta,barren,magenta
I would like to see the desert colored in green,barren,green
I would like to see the desert colored in blue,barren,blue
I would like to see the desert colored in white,barren,white
I would like to see the desert colored in,barren,None
I would like to see the arid land colored in cyan,barren,cyan
I would like to see the arid land colored in yellow,barren,yellow
I would like to see the arid land colored in magenta,barren,magenta
I would like to see the arid land colored in green,barren,green
I would like to see the arid land colored in blue,barren,blue
I would like to see the arid land colored in white,barren,white
I would like to see the arid land colored in,barren,None
I would like to see the barren areas colored in cyan,barren,cyan
I would like to see the barren areas colored in yellow,barren,yellow
I would like to see the barren areas colored in magenta,barren,magenta
I would like to see the barren areas colored in green,barren,green
I would like to see the barren areas colored in blue,barren,blue
I would like to see the barren areas colored in white,barren,white
I would like to see the barren areas colored in,barren,None
I would like to see the wasteland colored in cyan,barren,cyan
I would like to see the wasteland colored in yellow,barren,yellow
I would like to see the wasteland colored in magenta,barren,magenta
I would like to see the wasteland colored in green,barren,green
I would like to see the wasteland colored in blue,barren,blue
I would like to see the wasteland colored in white,barren,white
I would like to see the wasteland colored in,barren,None
Display urban cyan,urban,cyan
Display urban yellow,urban,yellow
Display urban magenta,urban,magenta
Display urban green,urban,green
Display urban blue,urban,blue
Display urban white,urban,white
Display urban,urban,None
Display urbans cyan,urban,cyan
Display urbans yellow,urban,yellow
Display urbans magenta,urban,magenta
Display urbans green,urban,green
Display urbans blue,urban,blue
Display urbans white,urban,white
Display urbans,urban,None
Display urban areas cyan,urban,cyan
Display urban areas yellow,urban,yellow
Display urban areas magenta,urban,magenta
Display urban areas green,urban,green
Display urban areas blue,urban,blue
Display urban areas white,urban,white
Display urban areas,urban,None
Display cities cyan,urban,cyan
Display cities yellow,urban,yellow
Display cities magenta,urban,magenta
Display cities green,urban,green
Display cities blue,urban,blue
Display cities white,urban,white
Display cities,urban,None
Display city areas cyan,urban,cyan
Display city areas yellow,urban,yellow
Display city areas magenta,urban,magenta
Display city areas green,urban,green
Display city areas blue,urban,blue
Display city areas white,urban,white
Display city areas,urban,None
Display urban regions cyan,urban,cyan
Display urban regions yellow,urban,yellow
Display urban regions magenta,urban,magenta
Display urban regions green,urban,green
Display urban regions blue,urban,blue
Display urban regions white,urban,white
Display urban regions,urban,None
Display agriculture cyan,agriculture,cyan
Display agriculture yellow,agriculture,yellow
Display agriculture magenta,agriculture,magenta
Display agriculture green,agriculture,green
Display agriculture blue,agriculture,blue
Display agriculture white,agriculture,white
Display agriculture,agriculture,None
Display agricultures cyan,agriculture,cyan
Display agricultures yellow,agriculture,yellow
Display agricultures magenta,agriculture,magenta
Display agricultures green,agriculture,green
Display agricultures blue,agriculture,blue
Display agricultures white,agriculture,white
Display agricultures,agriculture,None
Display farm cyan,agriculture,cyan
Display farm yellow,agriculture,yellow
Display farm magenta,agriculture,magenta
Display farm green,agriculture,green
Display farm blue,agriculture,blue
Display farm white,agriculture,white
Display farm,agriculture,None
Display agricultural areas cyan,agriculture,cyan
Display agricultural areas yellow,agriculture,yellow
Display agricultural areas magenta,agriculture,magenta
Display agricultural areas green,agriculture,green
Display agricultural areas blue,agriculture,blue
Display agricultural areas white,agriculture,white
Display agricultural areas,agriculture,None
Display farmland cyan,agriculture,cyan
Display farmland yellow,agriculture,yellow
Display farmland magenta,agriculture,magenta
Display farmland green,agriculture,green
Display farmland blue,agriculture,blue
Display farmland white,agriculture,white
Display farmland,agriculture,None
Display farming areas cyan,agriculture,cyan
Display farming areas yellow,agriculture,yellow
Display farming areas magenta,agriculture,magenta
Display farming areas green,agriculture,green
Display farming areas blue,agriculture,blue
Display farming areas white,agriculture,white
Display farming areas,agriculture,None
Display crops cyan,agriculture,cyan
Display crops yellow,agriculture,yellow
Display crops magenta,agriculture,magenta
Display crops green,agriculture,green
Display crops blue,agriculture,blue
Display crops white,agriculture,white
Display crops,agriculture,None
Display rangeland cyan,rangeland,cyan
Display rangeland yellow,rangeland,yellow
Display rangeland magenta,rangeland,magenta
Display rangeland green,rangeland,green
Display rangeland blue,rangeland,blue
Display rangeland white,rangeland,white
Display rangeland,rangeland,None
Display grassland cyan,rangeland,cyan
Display grassland yellow,rangeland,yellow
Display grassland magenta,rangeland,magenta
Display grassland green,rangeland,green
Display grassland blue,rangeland,blue
Display grassland white,rangeland,white
Display grassland,rangeland,None
Display pastures cyan,rangeland,cyan
Display pastures yellow,rangeland,yellow
Display pastures magenta,rangeland,magenta
Display pastures green,rangeland,green
Display pastures blue,rangeland,blue
Display pastures white,rangeland,white
Display pastures,rangeland,None
Display grazing areas cyan,rangeland,cyan
Display grazing areas yellow,rangeland,yellow
Display grazing areas magenta,rangeland,magenta
Display grazing areas green,rangeland,green
Display grazing areas blue,rangeland,blue
Display grazing areas white,rangeland,white
Display grazing areas,rangeland,None
Display meadows cyan,rangeland,cyan
Display meadows yellow,rangeland,yellow
Display meadows magenta,rangeland,magenta
Display meadows green,rangeland,green
Display meadows blue,rangeland,blue
Display meadows white,rangeland,white
Display meadows,rangeland,None
Display forest cyan,forest,cyan
Display forest yellow,forest,yellow
Display forest magenta,forest,magenta
Display forest green,forest,green
Display forest blue,forest,blue
Display forest white,forest,white
Display forest,forest,None
Display forests cyan,forest,cyan
Display forests yellow,forest,yellow
Display forests magenta,forest,magenta
Display forests green,forest,green
Display forests blue,forest,blue
Display forests white,forest,white
Display forests,forest,None
Display forested areas cyan,forest,cyan
Display forested areas yellow,forest,yellow
Display forested areas magenta,forest,magenta
Display forested areas green,forest,green
Display forested areas blue,forest,blue
Display forested areas white,forest,white
Display forested areas,forest,None
Display woodland cyan,forest,cyan
Display woodland yellow,forest,yellow
Display woodland magenta,forest,magenta
Display woodland green,forest,green
Display woodland blue,forest,blue
Display woodland white,forest,white
Display woodland,forest,None
Display forest regions cyan,forest,cyan
Display forest regions yellow,forest,yellow
Display forest regions magenta,forest,magenta
Display forest regions green,forest,green
Display forest regions blue,forest,blue
Display forest regions white,forest,white
Display forest regions,forest,None
Display water cyan,water,cyan
Display water yellow,water,yellow
Display water magenta,water,magenta
Display water green,water,green
Display water blue,water,blue
Display water white,water,white
Display water,water,None
Display water bodies cyan,water,cyan
Display water bodies yellow,water,yellow
Display water bodies magenta,water,magenta
Display water bodies green,water,green
Display water bodies blue,water,blue
Display water bodies white,water,white
Display water bodies,water,None
Display lakes cyan,water,cyan
Display lakes yellow,water,yellow
Display lakes magenta,water,magenta
Display lakes green,water,green
Display lakes blue,water,blue
Display lakes white,water,white
Display lakes,water,None
Display rivers cyan,water,cyan
Display rivers yellow,water,yellow
Display rivers magenta,water,magenta
Display rivers green,water,green
Display rivers blue,water,blue
Display rivers white,water,white
Display rivers,water,None
Display water areas cyan,water,cyan
Display water areas yellow,water,yellow
Display water areas magenta,water,magenta
Display water areas green,water,green
Display water areas blue,water,blue
Display water areas white,water,white
Display water areas,water,None
Display barren cyan,barren,cyan
Display barren yellow,barren,yellow
Display barren magenta,barren,magenta
Display barren green,barren,green
Display barren blue,barren,blue
Display barren white,barren,white
Display barren,barren,None
Display desert cyan,barren,cyan
Display desert yellow,barren,yellow
Display desert magenta,barren,magenta
Display desert green,barren,green
Display desert blue,barren,blue
Display desert white,barren,white
Display desert,barren,None
Display arid land cyan,barren,cyan
Display arid land yellow,barren,yellow
Display arid land magenta,barren,magenta
Display arid land green,barren,green
Display arid land blue,barren,blue
Display arid land white,barren,white
Display arid land,barren,None
Display barren areas cyan,barren,cyan
Display barren areas yellow,barren,yellow
Display barren areas magenta,barren,magenta
Display barren areas green,barren,green
Display barren areas blue,barren,blue
Display barren areas white,barren,white
Display barren areas,barren,None
Display wasteland cyan,barren,cyan
Display wasteland yellow,barren,yellow
Display wasteland magenta,barren,magenta
Display wasteland green,barren,green
Display wasteland blue,barren,blue
Display wasteland white,barren,white
Display wasteland,barren,None
Mark all urban with cyan,urban,cyan
Mark all urban with yellow,urban,yellow
Mark all urban with magenta,urban,magenta
Mark all urban with green,urban,green
Mark all urban with blue,urban,blue
Mark all urban with white,urban,white
Mark all urban with,urban,None
Mark all urbans with cyan,urban,cyan
Mark all urbans with yellow,urban,yellow
Mark all urbans with magenta,urban,magenta
Mark all urbans with green,urban,green
Mark all urbans with blue,urban,blue
Mark all urbans with white,urban,white
Mark all urbans with,urban,None
Mark all urban areas with cyan,urban,cyan
Mark all urban areas with yellow,urban,yellow
Mark all urban areas with magenta,urban,magenta
Mark all urban areas with green,urban,green
Mark all urban areas with blue,urban,blue
Mark all urban areas with white,urban,white
Mark all urban areas with,urban,None
Mark all cities with cyan,urban,cyan
Mark all cities with yellow,urban,yellow
Mark all cities with magenta,urban,magenta
Mark all cities with green,urban,green
Mark all cities with blue,urban,blue
Mark all cities with white,urban,white
Mark all cities with,urban,None
Mark all city areas with cyan,urban,cyan
Mark all city areas with yellow,urban,yellow
Mark all city areas with magenta,urban,magenta
Mark all city areas with green,urban,green
Mark all city areas with blue,urban,blue
Mark all city areas with white,urban,white
Mark all city areas with,urban,None
Mark all urban regions with cyan,urban,cyan
Mark all urban regions with yellow,urban,yellow
Mark all urban regions with magenta,urban,magenta
Mark all urban regions with green,urban,green
Mark all urban regions with blue,urban,blue
Mark all urban regions with white,urban,white
Mark all urban regions with,urban,None
Mark all agriculture with cyan,agriculture,cyan
Mark all agriculture with yellow,agriculture,yellow
Mark all agriculture with magenta,agriculture,magenta
Mark all agriculture with green,agriculture,green
Mark all agriculture with blue,agriculture,blue
Mark all agriculture with white,agriculture,white
Mark all agriculture with,agriculture,None
Mark all agricultures with cyan,agriculture,cyan
Mark all agricultures with yellow,agriculture,yellow
Mark all agricultures with magenta,agriculture,magenta
Mark all agricultures with green,agriculture,green
Mark all agricultures with blue,agriculture,blue
Mark all agricultures with white,agriculture,white
Mark all agricultures with,agriculture,None
Mark all farm with cyan,agriculture,cyan
Mark all farm with yellow,agriculture,yellow
Mark all farm with magenta,agriculture,magenta
Mark all farm with green,agriculture,green
Mark all farm with blue,agriculture,blue
Mark all farm with white,agriculture,white
Mark all farm with,agriculture,None
Mark all agricultural areas with cyan,agriculture,cyan
Mark all agricultural areas with yellow,agriculture,yellow
Mark all agricultural areas with magenta,agriculture,magenta
Mark all agricultural areas with green,agriculture,green
Mark all agricultural areas with blue,agriculture,blue
Mark all agricultural areas with white,agriculture,white
Mark all agricultural areas with,agriculture,None
Mark all farmland with cyan,agriculture,cyan
Mark all farmland with yellow,agriculture,yellow
Mark all farmland with magenta,agriculture,magenta
Mark all farmland with green,agriculture,green
Mark all farmland with blue,agriculture,blue
Mark all farmland with white,agriculture,white
Mark all farmland with,agriculture,None
Mark all farming areas with cyan,agriculture,cyan
Mark all farming areas with yellow,agriculture,yellow
Mark all farming areas with magenta,agriculture,magenta
Mark all farming areas with green,agriculture,green
Mark all farming areas with blue,agriculture,blue
Mark all farming areas with white,agriculture,white
Mark all farming areas with,agriculture,None
Mark all crops with cyan,agriculture,cyan
Mark all crops with yellow,agriculture,yellow
Mark all crops with magenta,agriculture,magenta
Mark all crops with green,agriculture,green
Mark all crops with blue,agriculture,blue
Mark all crops with white,agriculture,white
Mark all crops with,agriculture,None
Mark all rangeland with cyan,rangeland,cyan
Mark all rangeland with yellow,rangeland,yellow
Mark all rangeland with magenta,rangeland,magenta
Mark all rangeland with green,rangeland,green
Mark all rangeland with blue,rangeland,blue
Mark all rangeland with white,rangeland,white
Mark all rangeland with,rangeland,None
Mark all grassland with cyan,rangeland,cyan
Mark all grassland with yellow,rangeland,yellow
Mark all grassland with magenta,rangeland,magenta
Mark all grassland with green,rangeland,green
Mark all grassland with blue,rangeland,blue
Mark all grassland with white,rangeland,white
Mark all grassland with,rangeland,None
Mark all pastures with cyan,rangeland,cyan
Mark all pastures with yellow,rangeland,yellow
Mark all pastures with magenta,rangeland,magenta
Mark all pastures with green,rangeland,green
Mark all pastures with blue,rangeland,blue
Mark all pastures with white,rangeland,white
Mark all pastures with,rangeland,None
Mark all grazing areas with cyan,rangeland,cyan
Mark all grazing areas with yellow,rangeland,yellow
Mark all grazing areas with magenta,rangeland,magenta
Mark all grazing areas with green,rangeland,green
Mark all grazing areas with blue,rangeland,blue
Mark all grazing areas with white,rangeland,white
Mark all grazing areas with,rangeland,None
Mark all meadows with cyan,rangeland,cyan
Mark all meadows with yellow,rangeland,yellow
Mark all meadows with magenta,rangeland,magenta
Mark all meadows with green,rangeland,green
Mark all meadows with blue,rangeland,blue
Mark all meadows with white,rangeland,white
Mark all meadows with,rangeland,None
Mark all forest with cyan,forest,cyan
Mark all forest with yellow,forest,yellow
Mark all forest with magenta,forest,magenta
Mark all forest with green,forest,green
Mark all forest with blue,forest,blue
Mark all forest with white,forest,white
Mark all forest with,forest,None
Mark all forests with cyan,forest,cyan
Mark all forests with yellow,forest,yellow
Mark all forests with magenta,forest,magenta
Mark all forests with green,forest,green
Mark all forests with blue,forest,blue
Mark all forests with white,forest,white
Mark all forests with,forest,None
Mark all forested areas with cyan,forest,cyan
Mark all forested areas with yellow,forest,yellow
Mark all forested areas with magenta,forest,magenta
Mark all forested areas with green,forest,green
Mark all forested areas with blue,forest,blue
Mark all forested areas with white,forest,white
Mark all forested areas with,forest,None
Mark all woodland with cyan,forest,cyan
Mark all woodland with yellow,forest,yellow
Mark all woodland with magenta,forest,magenta
Mark all woodland with green,forest,green
Mark all woodland with blue,forest,blue
Mark all woodland with white,forest,white
Mark all woodland with,forest,None
Mark all forest regions with cyan,forest,cyan
Mark all forest regions with yellow,forest,yellow
Mark all forest regions with magenta,forest,magenta
Mark all forest regions with green,forest,green
Mark all forest regions with blue,forest,blue
Mark all forest regions with white,forest,white
Mark all forest regions with,forest,None
Mark all water with cyan,water,cyan
Mark all water with yellow,water,yellow
Mark all water with magenta,water,magenta
Mark all water with green,water,green
Mark all water with blue,water,blue
Mark all water with white,water,white
Mark all water with,water,None
Mark all water bodies with cyan,water,cyan
Mark all water bodies with yellow,water,yellow
Mark all water bodies with magenta,water,magenta
Mark all water bodies with green,water,green
Mark all water bodies with blue,water,blue
Mark all water bodies with white,water,white
Mark all water bodies with,water,None
Mark all lakes with cyan,water,cyan
Mark all lakes with yellow,water,yellow
Mark all lakes with magenta,water,magenta
Mark all lakes with green,water,green
Mark all lakes with blue,water,blue
Mark all lakes with white,water,white
Mark all lakes with,water,None
Mark all rivers with cyan,water,cyan
Mark all rivers with yellow,water,yellow
Mark all rivers with magenta,water,magenta
Mark all rivers with green,water,green
Mark all rivers with blue,water,blue
Mark all rivers with white,water,white
Mark all rivers with,water,None
Mark all water areas with cyan,water,cyan
Mark all water areas with yellow,water,yellow
Mark all water areas with magenta,water,magenta
Mark all water areas with green,water,green
Mark all water areas with blue,water,blue
Mark all water areas with white,water,white
Mark all water areas with,water,None
Mark all barren with cyan,barren,cyan
Mark all barren with yellow,barren,yellow
Mark all barren with magenta,barren,magenta
Mark all barren with green,barren,green
Mark all barren with blue,barren,blue
Mark all barren with white,barren,white
Mark all barren with,barren,None
Mark all desert with cyan,barren,cyan
Mark all desert with yellow,barren,yellow
Mark all desert with magenta,barren,magenta
Mark all desert with green,barren,green
Mark all desert with blue,barren,blue
Mark all desert with white,barren,white
Mark all desert with,barren,None
Mark all arid land with cyan,barren,cyan
Mark all arid land with yellow,barren,yellow
Mark all arid land with magenta,barren,magenta
Mark all arid land with green,barren,green
Mark all arid land with blue,barren,blue
Mark all arid land with white,barren,white
Mark all arid land with,barren,None
Mark all barren areas with cyan,barren,cyan
Mark all barren areas with yellow,barren,yellow
Mark all barren areas with magenta,barren,magenta
Mark all barren areas with green,barren,green
Mark all barren areas with blue,barren,blue
Mark all barren areas with white,barren,white
Mark all barren areas with,barren,None
Mark all wasteland with cyan,barren,cyan
Mark all wasteland with yellow,barren,yellow
Mark all wasteland with magenta,barren,magenta
Mark all wasteland with green,barren,green
Mark all wasteland with blue,barren,blue
Mark all wasteland with white,barren,white
Mark all wasteland with,barren,None
